sale_id,sale_date,year,quarter,month,country,region,city,product_name,category,storage,color,unit_price_usd,discount_pct,units_sold,discounted_price_usd,revenue_usd,currency,fx_rate_to_usd,revenue_local_currency,sales_channel,payment_method,customer_segment,customer_age_group,previous_device_os,customer_rating,return_status
APPL-00000214,2023-09-20,2023,Q3,September,Argentina,South America,Salta,MacBook Pro 16-inch (M3 Pro),Mac,256 GB SSD,Silver,2405.7,5,1,2285.41,2285.41,ARS,907.0,2072866.87,Apple Store,Gift Card,Education,25–34,,3.3,Kept
APPL-00001272,2023-08-09,2023,Q3,August,Brazil,South America,Curitiba,HomePod mini,Accessories,,White,105.2,0,1,105.2,105.2,BRL,4.97,522.84,Authorized Reseller,Cash,Government,45–54,,4.8,Kept
APPL-00001442,2023-02-02,2023,Q1,February,Brazil,South America,São Paulo,iMac 24-inch (M3),Mac,256 GB SSD,Starlight,1223.06,0,1,1223.06,1223.06,BRL,4.97,6078.61,Carrier Store,Debit Card,Government,45–54,,4.7,Kept
APPL-00001250,2022-08-14,2022,Q3,August,Brazil,South America,Campinas,iPad Air (M1),iPad,1 TB,Blue,574.33,0,2,574.33,1148.66,BRL,4.97,5708.84,Carrier Store,Cash,Business,35–44,,,Kept
APPL-00000089,2024-01-23,2024,Q1,January,Argentina,South America,La Plata,MagSafe Charger,Accessories,,Space Gray,35.93,0,1,35.93,35.93,ARS,907.0,32588.51,Third-Party Retailer,Debit Card,Government,25–34,,3.9,Kept
APPL-00001741,2024-06-17,2024,Q2,June,Chile,South America,Antofagasta,Mac mini (M2),Mac,256 GB SSD,Gold,589.1,0,8,589.1,4712.8,CLP,960.0,4524288.0,Apple Store,Net Banking,Government,55+,,,Kept
APPL-00001221,2024-08-30,2024,Q3,August,Brazil,South America,Belo Horizonte,HomePod mini,Accessories,,Black,100.09,0,8,100.09,800.72,BRL,4.97,3979.58,Online (Apple.com),Gift Card,Individual,25–34,,3.3,Kept
APPL-00000108,2023-04-23,2023,Q2,April,Argentina,South America,Mar del Plata,iPhone 14 Pro,iPhone,1 TB,Blue Titanium,857.32,0,1,857.32,857.32,ARS,907.0,777589.24,Carrier Store,Gift Card,Business,45–54,New User,3.9,Kept
APPL-00000060,2024-05-29,2024,Q2,May,Argentina,South America,Córdoba,iPhone 13 Pro Max,iPhone,64 GB,Blue Titanium,1115.24,10,2,1003.72,2007.44,ARS,907.0,1820748.08,Apple Store,Apple Pay,Individual,35–44,New User,,Kept
APPL-00001447,2024-09-22,2024,Q3,September,Brazil,South America,São Paulo,iPhone 14 Pro Max,iPhone,64 GB,Blue Titanium,1026.19,0,2,1026.19,2052.38,BRL,4.97,10200.33,Carrier Store,Credit Card,Government,35–44,Other,,Kept
APPL-00001300,2024-03-29,2024,Q1,March,Brazil,South America,Fortaleza,iPhone 13 Pro,iPhone,128 GB,Silver,877.87,3,1,851.53,851.53,BRL,4.97,4232.1,Apple Store,Cash,Individual,18–24,New User,,Kept
APPL-00001386,2024-03-23,2024,Q1,March,Brazil,South America,Recife,MacBook Air 15-inch (M2),Mac,512 GB SSD,Silver,1364.27,10,4,1227.84,4911.36,BRL,4.97,24409.46,Carrier Store,Net Banking,Education,35–44,,3.3,Kept
APPL-00000071,2022-10-07,2022,Q4,October,Argentina,South America,La Plata,Mac mini (M2),Mac,256 GB SSD,Midnight,573.62,0,1,573.62,573.62,ARS,907.0,520273.34,Corporate / B2B,Gift Card,Business,18–24,,,Kept
APPL-00000097,2022-01-18,2022,Q1,January,Argentina,South America,Mar del Plata,iPad (10th Generation),iPad,64 GB,Space Gray,416.95,2,2,408.61,817.22,ARS,907.0,741218.54,Apple Store,Credit Card,Individual,18–24,,3.2,Returned
APPL-00002293,2024-06-20,2024,Q2,June,Colombia,South America,Cartagena,iPhone 14 Plus,iPhone,256 GB,Natural Titanium,855.04,10,4,769.54,3078.16,COP,3960.0,12189513.6,Apple Store,Debit Card,Business,35–44,iOS 16,,Kept
APPL-00002185,2022-06-11,2022,Q2,June,Colombia,South America,Barranquilla,Apple Watch SE (2nd Gen),Apple Watch,,Silver,231.4,15,1,196.69,196.69,COP,3960.0,778892.4,Authorized Reseller,Gift Card,Government,35–44,,3.5,Kept
APPL-00002299,2022-02-04,2022,Q1,February,Colombia,South America,Cúcuta,MacBook Pro 16-inch (M3 Pro),Mac,1 TB SSD,Silver,2305.02,15,1,1959.27,1959.27,COP,3960.0,7758709.2,Online (Apple.com),Apple Pay,Individual,45–54,,,Kept
APPL-00002368,2022-12-03,2022,Q4,December,Colombia,South America,Medellín,iPhone 14,iPhone,1 TB,Yellow,792.55,2,1,776.7,776.7,COP,3960.0,3075732.0,Online (Apple.com),EMI / Installment,Education,45–54,iOS 17,3.2,Kept
APPL-00000077,2023-04-04,2023,Q2,April,Argentina,South America,La Plata,Apple Watch Ultra 2,Apple Watch,,Silver,799.97,0,4,799.97,3199.88,ARS,907.0,2902291.16,Carrier Store,Cash,Business,18–24,,3.8,Kept
APPL-00002203,2024-09-03,2024,Q3,September,Colombia,South America,Barranquilla,iPhone 13,iPhone,256 GB,Yellow,722.57,10,2,650.31,1300.62,COP,3960.0,5150455.2,Apple Store,Apple Pay,Education,55+,iOS 17,,Kept
APPL-00000199,2022-05-04,2022,Q2,May,Argentina,South America,Salta,iPhone 14 Plus,iPhone,128 GB,Starlight,964.48,0,2,964.48,1928.96,ARS,907.0,1749566.72,Carrier Store,Net Banking,Individual,55+,Android,,Kept
APPL-00001440,2022-06-06,2022,Q2,June,Brazil,South America,São Paulo,MagSafe Charger,Accessories,,Space Gray,36.73,0,1,36.73,36.73,BRL,4.97,182.55,Third-Party Retailer,EMI / Installment,Government,25–34,,3.0,Kept
APPL-00001916,2024-07-04,2024,Q3,July,Chile,South America,Temuco,Apple Watch Series 9,Apple Watch,,Silver,409.09,10,2,368.18,736.36,CLP,960.0,706905.6,Carrier Store,Cash,Government,35–44,,3.3,Kept
APPL-00001441,2022-11-02,2022,Q4,November,Brazil,South America,São Paulo,Magic Keyboard,Accessories,,White,101.26,0,3,101.26,303.78,BRL,4.97,1509.79,Apple Store,Apple Pay,Business,45–54,,,Kept
APPL-00001742,2024-07-19,2024,Q3,July,Chile,South America,Antofagasta,AirPods (3rd Gen),AirPods,,Midnight,156.52,0,5,156.52,782.6,CLP,960.0,751296.0,Authorized Reseller,Net Banking,Individual,55+,,3.1,Kept
APPL-00002225,2024-03-28,2024,Q1,March,Colombia,South America,Bogotá,MacBook Air 13-inch (M2),Mac,2 TB SSD,Starlight,1099.5,0,2,1099.5,2199.0,COP,3960.0,8708040.0,Carrier Store,Cash,Business,35–44,,,Kept
APPL-00002309,2023-01-05,2023,Q1,January,Colombia,South America,Cúcuta,AirPods Pro (2nd Gen),AirPods,,Starlight,260.11,5,1,247.1,247.1,COP,3960.0,978516.0,Corporate / B2B,Credit Card,Individual,45–54,,,Kept
APPL-00001724,2022-09-16,2022,Q3,September,Chile,South America,Antofagasta,iPhone 13 Mini,iPhone,1 TB,Deep Purple,597.64,7,1,555.81,555.81,CLP,960.0,533577.6,Carrier Store,Net Banking,Education,25–34,iOS 17,,Kept
APPL-00001398,2024-01-13,2024,Q1,January,Brazil,South America,Rio de Janeiro,iPad Pro 11-inch (M2),iPad,1 TB,Starlight,846.61,0,1,846.61,846.61,BRL,4.97,4207.65,Carrier Store,Cash,Individual,35–44,,4.5,Kept
APPL-00002217,2022-11-19,2022,Q4,November,Colombia,South America,Bogotá,iPad Mini (6th Gen),iPad,256 GB,Space Gray,514.42,0,3,514.42,1543.26,COP,3960.0,6111309.6,Corporate / B2B,Net Banking,Education,45–54,,4.4,Returned
APPL-00002303,2022-05-26,2022,Q2,May,Colombia,South America,Cúcuta,iPhone 15,iPhone,128 GB,Black,810.61,7,1,753.87,753.87,COP,3960.0,2985325.2,Apple Store,Debit Card,Education,25–34,iOS 17,3.6,Kept
APPL-00001934,2023-04-02,2023,Q2,April,Chile,South America,Valparaíso,iPhone 14,iPhone,128 GB,Product Red,847.14,7,3,787.84,2363.52,CLP,960.0,2268979.2,Apple Store,Debit Card,Individual,45–54,iOS 15,4.8,Kept
APPL-00001809,2022-05-13,2022,Q2,May,Chile,South America,La Serena,AirPods (3rd Gen),AirPods,,Midnight,176.56,5,4,167.73,670.92,CLP,960.0,644083.2,Carrier Store,Credit Card,Education,35–44,,,Kept
APPL-00001803,2024-12-30,2024,Q4,December,Chile,South America,Concepción,Apple Watch Series 9,Apple Watch,,Midnight,389.49,2,3,381.7,1145.1,CLP,960.0,1099296.0,Third-Party Retailer,Apple Pay,Individual,45–54,,,Kept
APPL-00001879,2023-07-18,2023,Q3,July,Chile,South America,Santiago,Apple Pencil (1st Gen),Accessories,,Space Gray,94.96,0,2,94.96,189.92,CLP,960.0,182323.2,Apple Store,Credit Card,Individual,25–34,,,Kept
APPL-00001895,2022-03-27,2022,Q1,March,Chile,South America,Temuco,Apple Watch Ultra 2,Apple Watch,,Titanium,853.57,2,1,836.5,836.5,CLP,960.0,803040.0,Corporate / B2B,Gift Card,Individual,25–34,,,Kept
APPL-00001323,2022-06-24,2022,Q2,June,Brazil,South America,Guarulhos,Apple TV 4K (3rd Gen),Accessories,,Black,137.86,15,1,117.18,117.18,BRL,4.97,582.38,Corporate / B2B,Gift Card,Education,45–54,,,Kept
APPL-00002374,2023-07-27,2023,Q3,July,Colombia,South America,Medellín,AirPods Max,AirPods,,Midnight,543.04,10,1,488.74,488.74,COP,3960.0,1935410.4,Third-Party Retailer,Gift Card,Business,25–34,,4.6,Kept
APPL-00001822,2023-06-19,2023,Q2,June,Chile,South America,La Serena,Apple Watch Series 8,Apple Watch,,Titanium,322.68,10,2,290.41,580.82,CLP,960.0,557587.2,Authorized Reseller,Net Banking,Government,25–34,,3.9,Kept
APPL-00001861,2022-01-11,2022,Q1,January,Chile,South America,Santiago,iPhone 13 Mini,iPhone,64 GB,Deep Purple,605.97,3,2,587.79,1175.58,CLP,960.0,1128556.8,Online (Apple.com),Cash,Education,25–34,Android,4.7,Kept
APPL-00002400,2023-09-29,2023,Q3,September,Colombia,South America,Pereira,iPhone 14 Pro Max,iPhone,64 GB,Yellow,1047.58,0,1,1047.58,1047.58,COP,3960.0,4148416.8,Third-Party Retailer,EMI / Installment,Business,35–44,iOS 16,,Kept
APPL-00000024,2024-04-19,2024,Q2,April,Argentina,South America,Buenos Aires,iPad Pro 11-inch (M2),iPad,128 GB,Purple,775.91,0,1,775.91,775.91,ARS,907.0,703750.37,Apple Store,Credit Card,Government,35–44,,4.7,Kept
APPL-00000031,2024-10-21,2024,Q4,October,Argentina,South America,Buenos Aires,USB-C Woven Charge Cable,Accessories,,Silver,31.1,10,1,27.99,27.99,ARS,907.0,25386.93,Corporate / B2B,Cash,Education,45–54,,4.6,Kept
APPL-00001936,2023-05-16,2023,Q2,May,Chile,South America,Valparaíso,iPad Pro 12.9-inch (M2),iPad,128 GB,Gold,1154.9,0,2,1154.9,2309.8,CLP,960.0,2217408.0,Third-Party Retailer,Cash,Business,18–24,,3.8,Kept
APPL-00000011,2023-01-29,2023,Q1,January,Argentina,South America,Buenos Aires,iPad (10th Generation),iPad,128 GB,Silver,415.15,7,2,386.09,772.18,ARS,907.0,700367.26,Third-Party Retailer,Cash,Individual,45–54,,,Kept
APPL-00000175,2023-07-12,2023,Q3,July,Argentina,South America,Rosario,Apple Pencil (1st Gen),Accessories,,Black,99.42,0,1,99.42,99.42,ARS,907.0,90173.94,Authorized Reseller,Debit Card,Government,55+,,3.3,Kept
APPL-00001728,2023-04-11,2023,Q2,April,Chile,South America,Antofagasta,iPhone 13 Pro,iPhone,64 GB,Natural Titanium,861.5,15,2,732.27,1464.54,CLP,960.0,1405958.4,Corporate / B2B,Gift Card,Business,45–54,iOS 15,,Kept
APPL-00001849,2023-07-08,2023,Q3,July,Chile,South America,Rancagua,iPad Mini (6th Gen),iPad,2 TB,Blue,484.28,15,2,411.64,823.28,CLP,960.0,790348.8,Online (Apple.com),Cash,Education,25–34,,3.0,Kept
APPL-00001927,2022-06-19,2022,Q2,June,Chile,South America,Valparaíso,iPhone 15 Pro Max,iPhone,1 TB,Blue Titanium,1126.49,15,2,957.52,1915.04,CLP,960.0,1838438.4,Apple Store,Net Banking,Government,35–44,Other,4.6,Kept
APPL-00001259,2023-09-23,2023,Q3,September,Brazil,South America,Campinas,MacBook Pro 14-inch (M3),Mac,2 TB SSD,Midnight,2152.02,0,1,2152.02,2152.02,BRL,4.97,10695.54,Corporate / B2B,Apple Pay,Business,35–44,,3.4,Kept
APPL-00000140,2023-08-03,2023,Q3,August,Argentina,South America,Mendoza,Apple TV 4K (3rd Gen),Accessories,,Black,131.62,10,2,118.46,236.92,ARS,907.0,214886.44,Online (Apple.com),Credit Card,Government,18–24,,,Kept
APPL-00001227,2022-05-08,2022,Q2,May,Brazil,South America,Belém,Magic Mouse,Accessories,,Black,75.4,5,1,71.63,71.63,BRL,4.97,356.0,Carrier Store,Apple Pay,Education,45–54,,3.1,Kept
APPL-00002361,2022-01-07,2022,Q1,January,Colombia,South America,Medellín,iPhone 14 Pro Max,iPhone,256 GB,White Titanium,1071.5,0,3,1071.5,3214.5,COP,3960.0,12729420.0,Apple Store,Gift Card,Government,35–44,iOS 15,4.7,Kept
APPL-00001426,2023-02-28,2023,Q1,February,Brazil,South America,São Luís,Apple Watch SE (2nd Gen),Apple Watch,,Natural,260.07,7,2,241.87,483.74,BRL,4.97,2404.19,Apple Store,Cash,Government,25–34,,4.4,Kept
APPL-00001390,2022-05-25,2022,Q2,May,Brazil,South America,Rio de Janeiro,iPhone 13 Mini,iPhone,64 GB,Yellow,583.51,3,6,566.0,3396.0,BRL,4.97,16878.12,Online (Apple.com),Apple Pay,Education,35–44,iOS 17,4.4,Kept
APPL-00002373,2023-04-02,2023,Q2,April,Colombia,South America,Medellín,iPhone 13 Pro Max,iPhone,512 GB,Silver,1169.58,0,2,1169.58,2339.16,COP,3960.0,9263073.6,Carrier Store,Cash,Government,25–34,iOS 16,4.8,Kept
APPL-00001773,2024-07-18,2024,Q3,July,Chile,South America,Arica,iPhone 14 Plus,iPhone,256 GB,Natural Titanium,959.14,3,2,930.37,1860.74,CLP,960.0,1786310.4,Corporate / B2B,Apple Pay,Government,45–54,iOS 17,,Kept
APPL-00001303,2024-05-30,2024,Q2,May,Brazil,South America,Fortaleza,iPhone 13 Pro Max,iPhone,1 TB,Natural Titanium,1024.89,0,1,1024.89,1024.89,BRL,4.97,5093.7,Authorized Reseller,Apple Pay,Business,55+,iOS 16,4.7,Kept
APPL-00000210,2023-07-27,2023,Q3,July,Argentina,South America,Salta,MacBook Air 13-inch (M2),Mac,1 TB SSD,Gold,1111.57,2,1,1089.34,1089.34,ARS,907.0,988031.38,Online (Apple.com),Gift Card,Business,45–54,,,Kept
APPL-00001797,2024-07-30,2024,Q3,July,Chile,South America,Concepción,iPhone 15 Plus,iPhone,1 TB,Deep Purple,963.92,0,1,963.92,963.92,CLP,960.0,925363.2,Apple Store,Gift Card,Education,18–24,Android,4.5,Kept
APPL-00001383,2023-12-18,2023,Q4,December,Brazil,South America,Recife,Apple Watch Series 8,Apple Watch,,Natural,321.58,5,1,305.5,305.5,BRL,4.97,1518.34,Apple Store,Net Banking,Business,45–54,,4.6,Kept
APPL-00001206,2022-09-21,2022,Q3,September,Brazil,South America,Belo Horizonte,Magic Trackpad,Accessories,,Space Gray,132.84,10,1,119.56,119.56,BRL,4.97,594.21,Carrier Store,Apple Pay,Individual,45–54,,3.4,Kept
APPL-00000435,2023-07-14,2023,Q3,July,Australia,Oceania,Melbourne,iPhone 15,iPhone,1 TB,Product Red,804.81,2,1,788.71,788.71,AUD,1.53,1206.73,Apple Store,Debit Card,Education,45–54,Android,3.2,Kept
APPL-00006190,2023-02-24,2023,Q1,February,New Zealand,Oceania,Auckland,Apple Watch Series 8,Apple Watch,,Product Red,285.62,10,1,257.06,257.06,NZD,1.63,419.01,Corporate / B2B,Net Banking,Government,18–24,,4.6,Kept
APPL-00006407,2023-08-16,2023,Q3,August,New Zealand,Oceania,Wellington,iPad (10th Generation),iPad,1 TB,Space Gray,418.51,0,3,418.51,1255.53,NZD,1.63,2046.51,Authorized Reseller,Gift Card,Education,55+,,3.2,Kept
APPL-00000334,2024-12-07,2024,Q4,December,Australia,Oceania,Canberra,Apple Watch Series 9,Apple Watch,,Starlight,394.56,0,1,394.56,394.56,AUD,1.53,603.68,Authorized Reseller,Debit Card,Business,18–24,,3.1,Kept
APPL-00006368,2022-01-19,2022,Q1,January,New Zealand,Oceania,Tauranga,Apple Watch Series 9,Apple Watch,,Natural,383.34,0,1,383.34,383.34,NZD,1.63,624.84,Third-Party Retailer,Gift Card,Business,35–44,,3.7,Kept
APPL-00000338,2022-04-13,2022,Q2,April,Australia,Oceania,Darwin,iPhone 15 Pro Max,iPhone,256 GB,Black,1267.52,0,5,1267.52,6337.6,AUD,1.53,9696.53,Carrier Store,Cash,Business,18–24,iOS 15,4.3,Exchanged
APPL-00006232,2023-10-10,2023,Q4,October,New Zealand,Oceania,Christchurch,MacBook Pro 14-inch (M3),Mac,256 GB SSD,Silver,2035.23,3,1,1974.17,1974.17,NZD,1.63,3217.9,Authorized Reseller,Cash,Individual,18–24,,4.9,Kept
APPL-00000402,2022-11-07,2022,Q4,November,Australia,Oceania,Hobart,iPhone 14 Pro,iPhone,64 GB,Silver,903.45,15,3,767.93,2303.79,AUD,1.53,3524.8,Corporate / B2B,Gift Card,Individual,18–24,iOS 16,3.3,Kept
APPL-00006387,2024-03-28,2024,Q1,March,New Zealand,Oceania,Tauranga,Apple Pencil (1st Gen),Accessories,,Black,102.94,0,2,102.94,205.88,NZD,1.63,335.58,Authorized Reseller,Cash,Business,18–24,,4.4,Kept
APPL-00006416,2024-06-18,2024,Q2,June,New Zealand,Oceania,Wellington,Apple Pencil (1st Gen),Accessories,,Black,106.58,3,3,103.38,310.14,NZD,1.63,505.53,Third-Party Retailer,Net Banking,Individual,18–24,,,Kept
APPL-00000480,2022-07-08,2022,Q3,July,Australia,Oceania,Perth,iPhone SE (3rd Gen),iPhone,128 GB,Yellow,419.98,0,3,419.98,1259.94,AUD,1.53,1927.71,Carrier Store,Credit Card,Education,25–34,New User,,Kept
APPL-00000271,2023-03-18,2023,Q1,March,Australia,Oceania,Adelaide,iPhone 14 Pro Max,iPhone,64 GB,Yellow,983.08,2,1,963.42,963.42,AUD,1.53,1474.03,Third-Party Retailer,Cash,Government,18–24,New User,4.3,Kept
APPL-00006330,2023-10-24,2023,Q4,October,New Zealand,Oceania,Napier-Hastings,Apple Watch Series 8,Apple Watch,,Titanium,289.86,0,5,289.86,1449.3,NZD,1.63,2362.36,Apple Store,Credit Card,Government,55+,,4.7,Kept
APPL-00000340,2022-05-24,2022,Q2,May,Australia,Oceania,Darwin,Magic Keyboard,Accessories,,Black,93.88,0,1,93.88,93.88,AUD,1.53,143.64,Carrier Store,Debit Card,Education,55+,,,Kept
APPL-00006239,2024-02-10,2024,Q1,February,New Zealand,Oceania,Christchurch,Apple Watch SE (2nd Gen),Apple Watch,,Silver,262.26,2,2,257.01,514.02,NZD,1.63,837.85,Corporate / B2B,Gift Card,Business,35–44,,3.5,Kept
APPL-00006389,2024-04-23,2024,Q2,April,New Zealand,Oceania,Tauranga,AirPods Pro (2nd Gen),AirPods,,White,253.54,0,1,253.54,253.54,NZD,1.63,413.27,Apple Store,Credit Card,Individual,18–24,,,Returned
APPL-00000386,2023-12-26,2023,Q4,December,Australia,Oceania,Gold Coast,Magic Mouse,Accessories,,White,82.37,0,2,82.37,164.74,AUD,1.53,252.05,Carrier Store,Debit Card,Business,35–44,,3.8,Kept
APPL-00006304,2024-11-19,2024,Q4,November,New Zealand,Oceania,Hamilton,Apple Watch Series 9,Apple Watch,,Black Titanium,430.4,15,1,365.84,365.84,NZD,1.63,596.32,Online (Apple.com),Cash,Business,18–24,,,Kept
APPL-00000457,2022-12-23,2022,Q4,December,Australia,Oceania,Newcastle,Apple Watch Series 9,Apple Watch,,Starlight,414.91,0,2,414.91,829.82,AUD,1.53,1269.62,Authorized Reseller,Cash,Education,25–34,,4.0,Kept
APPL-00006364,2024-12-07,2024,Q4,December,New Zealand,Oceania,Palmerston North,iPhone 15,iPhone,128 GB,Midnight,765.35,0,1,765.35,765.35,NZD,1.63,1247.52,Carrier Store,Cash,Government,45–54,Android,3.3,Kept
APPL-00006187,2023-01-18,2023,Q1,January,New Zealand,Oceania,Auckland,iPhone 13 Mini,iPhone,256 GB,Silver,637.2,15,2,541.62,1083.24,NZD,1.63,1765.68,Corporate / B2B,Debit Card,Education,18–24,iOS 15,,Kept
APPL-00006194,2023-04-23,2023,Q2,April,New Zealand,Oceania,Auckland,Apple Watch Series 8,Apple Watch,,Black Titanium,299.99,10,1,269.99,269.99,NZD,1.63,440.08,Carrier Store,Credit Card,Government,18–24,,3.5,Kept
APPL-00000292,2022-10-25,2022,Q4,October,Australia,Oceania,Brisbane,Apple Watch SE (2nd Gen),Apple Watch,,Product Red,262.98,7,2,244.57,489.14,AUD,1.53,748.38,Third-Party Retailer,Gift Card,Government,18–24,,3.1,Kept
APPL-00006417,2024-08-10,2024,Q3,August,New Zealand,Oceania,Wellington,iPhone 15,iPhone,1 TB,Black,845.79,0,1,845.79,845.79,NZD,1.63,1378.64,Apple Store,Apple Pay,Business,35–44,New User,4.5,Kept
APPL-00006337,2024-11-09,2024,Q4,November,New Zealand,Oceania,Napier-Hastings,Apple Pencil (2nd Gen),Accessories,,Silver,126.42,15,2,107.46,214.92,NZD,1.63,350.32,Apple Store,Gift Card,Business,35–44,,3.5,Kept
APPL-00006390,2024-07-18,2024,Q3,July,New Zealand,Oceania,Tauranga,iPad Air (M1),iPad,64 GB,Starlight,575.85,3,4,558.57,2234.28,NZD,1.63,3641.88,Third-Party Retailer,Net Banking,Business,55+,,3.9,Kept
APPL-00000341,2022-07-09,2022,Q3,July,Australia,Oceania,Darwin,iPhone 15 Pro Max,iPhone,128 GB,White Titanium,1176.84,15,1,1000.31,1000.31,AUD,1.53,1530.47,Corporate / B2B,EMI / Installment,Business,45–54,Other,4.3,Returned
APPL-00006370,2022-04-22,2022,Q2,April,New Zealand,Oceania,Tauranga,Apple Watch Series 8,Apple Watch,,Silver,287.92,0,1,287.92,287.92,NZD,1.63,469.31,Carrier Store,EMI / Installment,Business,55+,,4.1,Kept
APPL-00000472,2024-04-11,2024,Q2,April,Australia,Oceania,Newcastle,Apple TV 4K (3rd Gen),Accessories,,Black,131.54,0,3,131.54,394.62,AUD,1.53,603.77,Authorized Reseller,Net Banking,Business,35–44,,5.0,Kept
APPL-00006413,2024-03-24,2024,Q1,March,New Zealand,Oceania,Wellington,Apple Watch Series 8,Apple Watch,,Titanium,303.97,0,1,303.97,303.97,NZD,1.63,495.47,Authorized Reseller,Net Banking,Individual,35–44,,,Kept
APPL-00000434,2023-05-12,2023,Q2,May,Australia,Oceania,Melbourne,iPhone 14 Pro,iPhone,128 GB,Natural Titanium,925.64,0,1,925.64,925.64,AUD,1.53,1416.23,Online (Apple.com),EMI / Installment,Government,25–34,Android,3.9,Exchanged
APPL-00006236,2024-01-29,2024,Q1,January,New Zealand,Oceania,Christchurch,Mac mini (M2),Mac,2 TB SSD,Space Gray,600.44,0,1,600.44,600.44,NZD,1.63,978.72,Authorized Reseller,EMI / Installment,Business,25–34,,,Kept
APPL-00006291,2023-09-02,2023,Q3,September,New Zealand,Oceania,Hamilton,MacBook Pro 16-inch (M3 Pro),Mac,1 TB SSD,Gold,2612.15,5,1,2481.54,2481.54,NZD,1.63,4044.91,Online (Apple.com),Cash,Business,45–54,,3.6,Kept
APPL-00006278,2022-03-08,2022,Q1,March,New Zealand,Oceania,Hamilton,HomePod mini,Accessories,,Black,97.02,0,3,97.02,291.06,NZD,1.63,474.43,Third-Party Retailer,Gift Card,Business,25–34,,,Kept
APPL-00006383,2023-10-26,2023,Q4,October,New Zealand,Oceania,Tauranga,Apple Pencil (2nd Gen),Accessories,,Silver,135.23,0,1,135.23,135.23,NZD,1.63,220.42,Third-Party Retailer,Apple Pay,Government,35–44,,,Kept
APPL-00000415,2024-01-24,2024,Q1,January,Australia,Oceania,Hobart,HomePod mini,Accessories,,Silver,100.66,10,1,90.59,90.59,AUD,1.53,138.6,Third-Party Retailer,Net Banking,Business,35–44,,4.3,Kept
APPL-00000264,2022-03-06,2022,Q1,March,Australia,Oceania,Adelaide,iPhone 14 Plus,iPhone,1 TB,Yellow,861.39,0,1,861.39,861.39,AUD,1.53,1317.93,Online (Apple.com),Apple Pay,Government,35–44,Other,3.6,Kept
APPL-00006252,2022-02-26,2022,Q1,February,New Zealand,Oceania,Dunedin,iPhone 15 Pro Max,iPhone,512 GB,Black,1277.37,0,7,1277.37,8941.59,NZD,1.63,14574.79,Third-Party Retailer,Credit Card,Education,55+,New User,4.2,Kept
APPL-00000470,2024-01-13,2024,Q1,January,Australia,Oceania,Newcastle,iPhone 14 Pro Max,iPhone,512 GB,White Titanium,948.91,5,2,901.46,1802.92,AUD,1.53,2758.47,Third-Party Retailer,Net Banking,Education,45–54,New User,4.4,Returned
APPL-00000335,2022-01-15,2022,Q1,January,Australia,Oceania,Darwin,AirPods Max,AirPods,,Sky,506.31,5,3,480.99,1442.97,AUD,1.53,2207.74,Authorized Reseller,Debit Card,Government,45–54,,4.2,Kept
APPL-00006412,2024-02-23,2024,Q1,February,New Zealand,Oceania,Wellington,iPad Air (M1),iPad,1 TB,Gold,631.21,5,1,599.65,599.65,NZD,1.63,977.43,Third-Party Retailer,Debit Card,Business,55+,,4.0,Kept
APPL-00006223,2022-09-28,2022,Q3,September,New Zealand,Oceania,Christchurch,iPhone 15 Pro Max,iPhone,64 GB,Midnight,1162.83,0,1,1162.83,1162.83,NZD,1.63,1895.41,Online (Apple.com),Net Banking,Government,55+,iOS 17,4.5,Kept
APPL-00000466,2023-10-10,2023,Q4,October,Australia,Oceania,Newcastle,MacBook Air 13-inch (M2),Mac,256 GB SSD,Starlight,1019.09,5,2,968.14,1936.28,AUD,1.53,2962.51,Corporate / B2B,Cash,Government,25–34,,4.6,Kept
APPL-00000330,2024-07-21,2024,Q3,July,Australia,Oceania,Canberra,AirPods Pro (2nd Gen),AirPods,,White,252.17,15,1,214.34,214.34,AUD,1.53,327.94,Third-Party Retailer,Credit Card,Business,45–54,,5.0,Returned
APPL-00000352,2024-01-14,2024,Q1,January,Australia,Oceania,Darwin,iPhone 14 Plus,iPhone,1 TB,Starlight,957.68,3,5,928.95,4644.75,AUD,1.53,7106.47,Carrier Store,Apple Pay,Government,35–44,New User,,Kept
APPL-00006306,2024-12-10,2024,Q4,December,New Zealand,Oceania,Hamilton,Magic Keyboard,Accessories,,Silver,106.14,10,8,95.53,764.24,NZD,1.63,1245.71,Third-Party Retailer,Gift Card,Government,35–44,,3.3,Exchanged
APPL-00000295,2023-04-14,2023,Q2,April,Australia,Oceania,Brisbane,iPhone 14 Pro,iPhone,256 GB,Black,871.95,5,2,828.35,1656.7,AUD,1.53,2534.75,Corporate / B2B,Debit Card,Individual,25–34,iOS 16,5.0,Kept
APPL-00000332,2024-09-17,2024,Q3,September,Australia,Oceania,Canberra,AirPods (2nd Gen),AirPods,,Midnight,131.23,0,4,131.23,524.92,AUD,1.53,803.13,Corporate / B2B,Debit Card,Individual,35–44,,4.3,Returned
APPL-00006386,2024-01-26,2024,Q1,January,New Zealand,Oceania,Tauranga,iPhone 14 Pro,iPhone,64 GB,Product Red,892.48,5,1,847.86,847.86,NZD,1.63,1382.01,Apple Store,Cash,Government,35–44,iOS 15,3.8,Exchanged
APPL-00000262,2022-01-07,2022,Q1,January,Australia,Oceania,Adelaide,HomePod mini,Accessories,,Black,105.29,3,4,102.13,408.52,AUD,1.53,625.04,Corporate / B2B,Net Banking,Government,35–44,,,Kept
APPL-00000273,2023-06-02,2023,Q2,June,Australia,Oceania,Adelaide,Mac mini (M2),Mac,1 TB SSD,Gold,627.16,0,2,627.16,1254.32,AUD,1.53,1919.11,Online (Apple.com),Gift Card,Education,25–34,,4.1,Kept
APPL-00006197,2023-06-28,2023,Q2,June,New Zealand,Oceania,Auckland,Apple Watch SE (2nd Gen),Apple Watch,,Midnight,253.79,7,2,236.02,472.04,NZD,1.63,769.43,Carrier Store,EMI / Installment,Education,35–44,,3.7,Kept
APPL-00000284,2024-10-09,2024,Q4,October,Australia,Oceania,Adelaide,Apple Pencil (2nd Gen),Accessories,,Silver,125.8,0,1,125.8,125.8,AUD,1.53,192.47,Online (Apple.com),Gift Card,Government,25–34,,,Kept
APPL-00000363,2022-01-12,2022,Q1,January,Australia,Oceania,Gold Coast,iPad Pro 11-inch (M2),iPad,512 GB,Silver,748.65,2,1,733.68,733.68,AUD,1.53,1122.53,Apple Store,Gift Card,Education,25–34,,3.5,Kept
APPL-00006184,2022-09-07,2022,Q3,September,New Zealand,Oceania,Auckland,AirPods (3rd Gen),AirPods,,White,162.51,7,1,151.13,151.13,NZD,1.63,246.34,Corporate / B2B,Gift Card,Education,35–44,,3.7,Kept
APPL-00006401,2022-11-22,2022,Q4,November,New Zealand,Oceania,Wellington,Mac Pro (M2 Ultra),Mac,256 GB SSD,Midnight,7065.31,0,2,7065.31,14130.62,NZD,1.63,23032.91,Carrier Store,Credit Card,Government,45–54,,,Kept
APPL-00006358,2024-05-27,2024,Q2,May,New Zealand,Oceania,Palmerston North,iPhone 14 Pro,iPhone,512 GB,Silver,867.92,0,3,867.92,2603.76,NZD,1.63,4244.13,Carrier Store,Apple Pay,Individual,55+,Android,3.9,Kept
APPL-00006206,2024-04-28,2024,Q2,April,New Zealand,Oceania,Auckland,Magic Trackpad,Accessories,,Black,133.52,7,1,124.17,124.17,NZD,1.63,202.4,Authorized Reseller,EMI / Installment,Education,35–44,,,Kept
APPL-00000346,2022-11-21,2022,Q4,November,Australia,Oceania,Darwin,iPad (10th Generation),iPad,512 GB,Purple,441.56,15,1,375.33,375.33,AUD,1.53,574.25,Corporate / B2B,Credit Card,Business,35–44,,4.0,Kept
APPL-00000507,2022-02-16,2022,Q1,February,Australia,Oceania,Sydney,Apple Watch Ultra 2,Apple Watch,,Silver,831.97,5,2,790.37,1580.74,AUD,1.53,2418.53,Authorized Reseller,Gift Card,Individual,25–34,,4.4,Kept
APPL-00000325,2023-04-06,2023,Q2,April,Australia,Oceania,Canberra,Apple Watch SE (2nd Gen),Apple Watch,,Silver,244.78,0,6,244.78,1468.68,AUD,1.53,2247.08,Third-Party Retailer,Cash,Education,35–44,,,Kept
APPL-00000317,2022-11-29,2022,Q4,November,Australia,Oceania,Canberra,iPhone 14,iPhone,256 GB,Blue Titanium,841.14,0,2,841.14,1682.28,AUD,1.53,2573.89,Corporate / B2B,EMI / Installment,Education,55+,iOS 17,3.7,Kept
APPL-00010831,2024-10-01,2024,Q4,October,United Kingdom,Europe,Bristol,Apple TV 4K (3rd Gen),Accessories,,Space Gray,119.88,10,1,107.89,107.89,GBP,0.79,85.23,Authorized Reseller,Cash,Education,55+,,,Kept
APPL-00003132,2024-04-19,2024,Q2,April,Finland,Europe,Tampere,iPhone 15 Pro Max,iPhone,1 TB,Green,1127.99,15,3,958.79,2876.37,EUR,0.92,2646.26,Authorized Reseller,Credit Card,Education,45–54,Android,4.7,Kept
APPL-00001075,2024-10-05,2024,Q4,October,Belgium,Europe,Brussels,HomePod mini,Accessories,,White,94.26,5,1,89.55,89.55,EUR,0.92,82.39,Online (Apple.com),EMI / Installment,Government,45–54,,,Kept
APPL-00006070,2024-08-06,2024,Q3,August,Netherlands,Europe,Nijmegen,Mac Pro (M2 Ultra),Mac,1 TB SSD,Silver,7225.63,0,2,7225.63,14451.26,EUR,0.92,13295.16,Online (Apple.com),Gift Card,Government,55+,,3.7,Kept
APPL-00004406,2023-07-31,2023,Q3,July,Ireland,Europe,Bray,AirPods Max,AirPods,,Starlight,555.23,15,1,471.95,471.95,EUR,0.92,434.19,Corporate / B2B,Cash,Business,18–24,,,Kept
APPL-00001120,2022-03-13,2022,Q1,March,Belgium,Europe,Liège,AirPods (3rd Gen),AirPods,,Midnight,166.32,0,2,166.32,332.64,EUR,0.92,306.03,Apple Store,EMI / Installment,Government,35–44,,4.7,Kept
APPL-00004820,2024-04-01,2024,Q2,April,Italy,Europe,Trieste,iPhone 14 Pro Max,iPhone,64 GB,Black Titanium,960.29,3,2,931.48,1862.96,EUR,0.92,1713.92,Third-Party Retailer,Gift Card,Business,18–24,New User,4.6,Kept
APPL-00004429,2024-05-21,2024,Q2,May,Ireland,Europe,Cork,Magic Keyboard,Accessories,,Space Gray,103.5,3,1,100.39,100.39,EUR,0.92,92.36,Third-Party Retailer,Cash,Government,55+,,4.7,Returned
APPL-00010838,2022-02-24,2022,Q1,February,United Kingdom,Europe,Cardiff,iPhone SE (3rd Gen),iPhone,512 GB,Deep Purple,411.77,0,1,411.77,411.77,GBP,0.79,325.3,Carrier Store,EMI / Installment,Individual,25–34,Android,4.5,Kept
APPL-00009322,2024-04-30,2024,Q2,April,Sweden,Europe,Gothenburg,MacBook Pro 14-inch (M3),Mac,1 TB SSD,Midnight,1959.32,0,1,1959.32,1959.32,SEK,10.55,20670.83,Carrier Store,Debit Card,Individual,35–44,,4.3,Kept
APPL-00006837,2023-04-10,2023,Q2,April,Norway,Europe,Tromsø,Apple TV 4K (3rd Gen),Accessories,,Silver,130.19,2,2,127.59,255.18,NOK,10.65,2717.67,Third-Party Retailer,Cash,Individual,45–54,,,Kept
APPL-00004583,2022-05-14,2022,Q2,May,Ireland,Europe,Navan,MacBook Pro 16-inch (M3 Pro),Mac,1 TB SSD,Silver,2489.33,2,5,2439.54,12197.7,EUR,0.92,11221.88,Authorized Reseller,Gift Card,Business,55+,,4.3,Kept
APPL-00011031,2023-07-07,2023,Q3,July,United Kingdom,Europe,Southampton,Magic Keyboard,Accessories,,Silver,100.17,2,1,98.17,98.17,GBP,0.79,77.55,Online (Apple.com),Credit Card,Education,55+,,3.1,Kept
APPL-00009507,2022-01-18,2022,Q1,January,Sweden,Europe,Västerås,iPhone 14 Plus,iPhone,512 GB,White Titanium,873.04,15,1,742.08,742.08,SEK,10.55,7828.94,Carrier Store,Credit Card,Government,55+,Android,,Kept
APPL-00007766,2024-08-19,2024,Q3,August,Portugal,Europe,Funchal,iPad Air (M1),iPad,256 GB,Blue,596.61,5,2,566.78,1133.56,EUR,0.92,1042.88,Third-Party Retailer,Cash,Government,35–44,,4.4,Kept
APPL-00009720,2024-10-29,2024,Q4,October,Switzerland,Europe,Lugano,MacBook Pro 16-inch (M3 Pro),Mac,1 TB SSD,Starlight,2425.56,0,2,2425.56,4851.12,CHF,0.88,4268.99,Third-Party Retailer,Gift Card,Education,18–24,,3.1,Kept
APPL-00004528,2024-10-21,2024,Q4,October,Ireland,Europe,Ennis,iPad Pro 11-inch (M2),iPad,512 GB,Silver,775.38,0,1,775.38,775.38,EUR,0.92,713.35,Carrier Store,Apple Pay,Government,45–54,,3.7,Kept
APPL-00000534,2023-09-15,2023,Q3,September,Austria,Europe,Dornbirn,iPhone 13 Pro,iPhone,512 GB,Midnight,931.65,10,1,838.49,838.49,EUR,0.92,771.41,Online (Apple.com),Net Banking,Individual,35–44,Other,3.6,Kept
APPL-00003243,2024-04-23,2024,Q2,April,France,Europe,Le Havre,iPhone 15 Pro,iPhone,128 GB,Blue Titanium,1044.04,0,1,1044.04,1044.04,EUR,0.92,960.52,Authorized Reseller,Net Banking,Business,45–54,Android,,Kept
APPL-00003651,2023-05-13,2023,Q2,May,Germany,Europe,Nuremberg,Apple Watch Ultra 2,Apple Watch,,Product Red,845.23,0,2,845.23,1690.46,EUR,0.92,1555.22,Carrier Store,Debit Card,Education,45–54,,3.9,Kept
APPL-00003029,2024-12-10,2024,Q4,December,Finland,Europe,Kouvola,MacBook Air 15-inch (M2),Mac,256 GB SSD,Midnight,1211.17,7,2,1126.39,2252.78,EUR,0.92,2072.56,Corporate / B2B,Debit Card,Government,55+,,,Kept
APPL-00001186,2022-01-04,2022,Q1,January,Belgium,Europe,Namur,Magic Mouse,Accessories,,White,82.23,0,1,82.23,82.23,EUR,0.92,75.65,Apple Store,EMI / Installment,Business,45–54,,,Kept
APPL-00010941,2024-11-09,2024,Q4,November,United Kingdom,Europe,London,MacBook Air 15-inch (M2),Mac,2 TB SSD,Midnight,1322.75,7,4,1230.16,4920.64,GBP,0.79,3887.31,Authorized Reseller,Gift Card,Government,35–44,,4.4,Kept
APPL-00011041,2024-09-06,2024,Q3,September,United Kingdom,Europe,Southampton,iMac 24-inch (M3),Mac,512 GB SSD,Space Gray,1361.33,15,4,1157.13,4628.52,GBP,0.79,3656.53,Online (Apple.com),Cash,Individual,25–34,,,Returned
APPL-00004863,2023-01-03,2023,Q1,January,Italy,Europe,Verona,iPad Mini (6th Gen),iPad,1 TB,Gold,482.0,10,1,433.8,433.8,EUR,0.92,399.1,Carrier Store,Debit Card,Government,25–34,,3.6,Kept
APPL-00001076,2022-01-28,2022,Q1,January,Belgium,Europe,Ghent,Mac mini (M2),Mac,256 GB SSD,Gold,555.56,2,2,544.45,1088.9,EUR,0.92,1001.79,Third-Party Retailer,Debit Card,Education,25–34,,3.7,Exchanged
APPL-00007742,2022-02-05,2022,Q1,February,Portugal,Europe,Funchal,iPhone 14 Pro Max,iPhone,1 TB,Starlight,1025.42,0,3,1025.42,3076.26,EUR,0.92,2830.16,Online (Apple.com),EMI / Installment,Business,18–24,iOS 15,3.8,Kept
APPL-00004578,2024-10-26,2024,Q4,October,Ireland,Europe,Limerick,Mac mini (M2),Mac,512 GB SSD,Starlight,619.28,15,4,526.39,2105.56,EUR,0.92,1937.12,Carrier Store,EMI / Installment,Education,18–24,,4.4,Kept
APPL-00006775,2023-02-26,2023,Q1,February,Norway,Europe,Sandnes,iPad Mini (6th Gen),iPad,2 TB,Blue,529.35,15,2,449.95,899.9,NOK,10.65,9583.93,Third-Party Retailer,Gift Card,Government,45–54,,4.4,Kept
APPL-00003451,2024-09-10,2024,Q3,September,Germany,Europe,Berlin,iPhone 13 Pro,iPhone,256 GB,Starlight,944.53,5,1,897.3,897.3,EUR,0.92,825.52,Carrier Store,Gift Card,Education,18–24,Other,4.9,Kept
APPL-00010849,2024-02-03,2024,Q1,February,United Kingdom,Europe,Cardiff,iPad Pro 12.9-inch (M2),iPad,1 TB,Space Gray,1029.42,7,2,957.36,1914.72,GBP,0.79,1512.63,Corporate / B2B,Credit Card,Education,25–34,,,Kept
APPL-00004758,2024-05-26,2024,Q2,May,Italy,Europe,Padua,MacBook Air 15-inch (M2),Mac,1 TB SSD,Silver,1244.57,2,1,1219.68,1219.68,EUR,0.92,1122.11,Corporate / B2B,Apple Pay,Government,55+,,3.3,Kept
APPL-00000552,2022-05-10,2022,Q2,May,Austria,Europe,Graz,iPad Pro 12.9-inch (M2),iPad,128 GB,Purple,1148.37,0,2,1148.37,2296.74,EUR,0.92,2113.0,Apple Store,Net Banking,Business,25–34,,,Kept
APPL-00003379,2022-12-21,2022,Q4,December,France,Europe,Reims,HomePod mini,Accessories,,Black,101.09,10,2,90.98,181.96,EUR,0.92,167.4,Authorized Reseller,Net Banking,Government,35–44,,,Kept
APPL-00003590,2023-11-16,2023,Q4,November,Germany,Europe,Hamburg,Apple TV 4K (3rd Gen),Accessories,,Black,128.18,7,1,119.21,119.21,EUR,0.92,109.67,Carrier Store,Credit Card,Government,35–44,,,Kept
APPL-00009229,2024-07-24,2024,Q3,July,Spain,Europe,Seville,iPad Pro 11-inch (M2),iPad,64 GB,Space Gray,820.77,0,1,820.77,820.77,EUR,0.92,755.11,Online (Apple.com),Gift Card,Education,18–24,,,Kept
APPL-00009712,2024-02-19,2024,Q1,February,Switzerland,Europe,Lugano,iPhone 14 Pro Max,iPhone,128 GB,Product Red,975.52,2,1,956.01,956.01,CHF,0.88,841.29,Corporate / B2B,Cash,Individual,35–44,Android,4.1,Kept
APPL-00007731,2024-05-12,2024,Q2,May,Portugal,Europe,Coimbra,iPad (10th Generation),iPad,2 TB,Space Gray,454.14,0,4,454.14,1816.56,EUR,0.92,1671.24,Third-Party Retailer,Apple Pay,Business,55+,,3.4,Kept
APPL-00006110,2023-07-04,2023,Q3,July,Netherlands,Europe,The Hague,iPhone 15 Pro Max,iPhone,512 GB,Yellow,1226.03,10,1,1103.43,1103.43,EUR,0.92,1015.16,Third-Party Retailer,Gift Card,Individual,55+,iOS 16,,Kept
APPL-00010929,2023-05-01,2023,Q2,May,United Kingdom,Europe,London,Mac Pro (M2 Ultra),Mac,1 TB SSD,Gold,6791.61,7,5,6316.2,31581.0,GBP,0.79,24948.99,Online (Apple.com),Gift Card,Education,35–44,,4.8,Kept
APPL-00005960,2023-01-28,2023,Q1,January,Netherlands,Europe,Amsterdam,Mac Pro (M2 Ultra),Mac,512 GB SSD,Silver,6841.98,7,1,6363.04,6363.04,EUR,0.92,5854.0,Third-Party Retailer,Credit Card,Education,55+,,4.8,Kept
APPL-00009371,2023-06-23,2023,Q2,June,Sweden,Europe,Jönköping,iPhone 14 Pro Max,iPhone,512 GB,Black,1076.34,0,2,1076.34,2152.68,SEK,10.55,22710.77,Authorized Reseller,Net Banking,Individual,18–24,Other,3.8,Kept
APPL-00000669,2024-05-19,2024,Q2,May,Austria,Europe,Salzburg,Apple TV 4K (3rd Gen),Accessories,,Black,126.36,7,1,117.51,117.51,EUR,0.92,108.11,Authorized Reseller,Net Banking,Education,55+,,4.3,Exchanged
APPL-00009659,2022-10-26,2022,Q4,October,Switzerland,Europe,Lausanne,Apple Pencil (2nd Gen),Accessories,,Black,137.18,3,1,133.06,133.06,CHF,0.88,117.09,Authorized Reseller,Debit Card,Education,25–34,,3.4,Kept
APPL-00003317,2023-06-14,2023,Q2,June,France,Europe,Montpellier,Apple Pencil (1st Gen),Accessories,,Silver,106.12,0,5,106.12,530.6,EUR,0.92,488.15,Authorized Reseller,Cash,Education,45–54,,4.7,Kept
APPL-00009219,2023-05-24,2023,Q2,May,Spain,Europe,Seville,iMac 24-inch (M3),Mac,256 GB SSD,Space Gray,1357.44,2,2,1330.29,2660.58,EUR,0.92,2447.73,Authorized Reseller,Apple Pay,Individual,55+,,4.7,Kept
APPL-00010978,2024-07-23,2024,Q3,July,United Kingdom,Europe,Newcastle,USB-C Woven Charge Cable,Accessories,,Space Gray,29.97,3,1,29.07,29.07,GBP,0.79,22.97,Carrier Store,Gift Card,Government,18–24,,3.1,Kept
APPL-00006755,2023-03-19,2023,Q1,March,Norway,Europe,Oslo,Apple Pencil (1st Gen),Accessories,,White,100.06,0,2,100.06,200.12,NOK,10.65,2131.28,Authorized Reseller,EMI / Installment,Individual,45–54,,3.5,Kept
APPL-00009508,2022-01-29,2022,Q1,January,Sweden,Europe,Västerås,iPhone 14,iPhone,512 GB,Midnight,814.13,2,1,797.85,797.85,SEK,10.55,8417.32,Apple Store,Cash,Individual,45–54,iOS 15,3.6,Kept
APPL-00006785,2024-06-03,2024,Q2,June,Norway,Europe,Sandnes,Mac Pro (M2 Ultra),Mac,512 GB SSD,Space Gray,7384.32,3,5,7162.79,35813.95,NOK,10.65,381418.57,Third-Party Retailer,Gift Card,Business,35–44,,4.2,Kept
APPL-00009791,2024-09-11,2024,Q3,September,Switzerland,Europe,Zurich,MagSafe Charger,Accessories,,Silver,41.49,0,1,41.49,41.49,CHF,0.88,36.51,Online (Apple.com),Debit Card,Business,18–24,,4.3,Kept
APPL-00009263,2022-11-25,2022,Q4,November,Spain,Europe,Vigo,AirPods Max,AirPods,,Sky,542.45,0,6,542.45,3254.7,EUR,0.92,2994.32,Online (Apple.com),Cash,Education,25–34,,4.8,Returned
APPL-00003642,2022-03-21,2022,Q1,March,Germany,Europe,Nuremberg,Apple Watch SE (2nd Gen),Apple Watch,,Midnight,243.1,10,1,218.79,218.79,EUR,0.92,201.29,Apple Store,Net Banking,Education,18–24,,3.9,Kept
APPL-00010938,2024-05-21,2024,Q2,May,United Kingdom,Europe,London,iPhone 13 Mini,iPhone,1 TB,Midnight,562.63,0,1,562.63,562.63,GBP,0.79,444.48,Online (Apple.com),Cash,Education,35–44,iOS 16,,Kept
APPL-00009786,2024-04-09,2024,Q2,April,Switzerland,Europe,Zurich,Magic Keyboard,Accessories,,White,98.65,0,2,98.65,197.3,CHF,0.88,173.62,Apple Store,Apple Pay,Education,55+,,,Kept
APPL-00003518,2023-12-28,2023,Q4,December,Germany,Europe,Dortmund,MacBook Pro 14-inch (M3),Mac,2 TB SSD,Midnight,2006.89,0,1,2006.89,2006.89,EUR,0.92,1846.34,Corporate / B2B,Cash,Business,35–44,,4.8,Kept
APPL-00003453,2022-03-07,2022,Q1,March,Germany,Europe,Bochum,iPhone 15 Plus,iPhone,128 GB,Midnight,942.88,3,1,914.59,914.59,EUR,0.92,841.42,Corporate / B2B,Apple Pay,Business,45–54,Android,4.3,Kept
APPL-00004817,2023-08-07,2023,Q3,August,Italy,Europe,Trieste,iPad Air (M1),iPad,256 GB,Gold,593.49,15,1,504.47,504.47,EUR,0.92,464.11,Third-Party Retailer,EMI / Installment,Government,55+,,4.6,Kept
APPL-00009323,2024-06-01,2024,Q2,June,Sweden,Europe,Gothenburg,iPad Mini (6th Gen),iPad,256 GB,Space Gray,473.84,5,1,450.15,450.15,SEK,10.55,4749.08,Apple Store,Cash,Individual,55+,,3.3,Kept
APPL-00004615,2023-12-15,2023,Q4,December,Ireland,Europe,Waterford,AirPods (2nd Gen),AirPods,,White,138.0,0,1,138.0,138.0,EUR,0.92,126.96,Authorized Reseller,Debit Card,Government,45–54,,4.1,Kept
APPL-00010809,2022-12-25,2022,Q4,December,United Kingdom,Europe,Birmingham,iPad Air (M1),iPad,256 GB,Gold,633.21,0,1,633.21,633.21,GBP,0.79,500.24,Authorized Reseller,Credit Card,Individual,25–34,,3.3,Kept
APPL-00002964,2023-07-24,2023,Q3,July,Finland,Europe,Helsinki,iPhone 15,iPhone,64 GB,Midnight,860.11,0,4,860.11,3440.44,EUR,0.92,3165.2,Third-Party Retailer,Apple Pay,Individual,45–54,iOS 15,4.7,Returned
APPL-00006875,2023-01-17,2023,Q1,January,Pakistan,Asia,Faisalabad,iPhone SE (3rd Gen),iPhone,128 GB,White Titanium,460.35,0,1,460.35,460.35,PKR,279.0,128437.65,Third-Party Retailer,Net Banking,Business,45–54,iOS 16,4.5,Kept
APPL-00005590,2024-06-03,2024,Q2,June,Malaysia,Asia,Petaling Jaya,iPad Pro 11-inch (M2),iPad,64 GB,Purple,758.82,10,2,682.94,1365.88,MYR,4.71,6433.29,Authorized Reseller,Gift Card,Business,18–24,,,Kept
APPL-00004150,2022-03-02,2022,Q1,March,Indonesia,Asia,Bandung,MacBook Pro 14-inch (M3),Mac,512 GB SSD,Midnight,2068.24,5,1,1964.83,1964.83,IDR,15700.0,30847831.0,Authorized Reseller,EMI / Installment,Business,18–24,,4.7,Kept
APPL-00010079,2024-04-05,2024,Q2,April,Thailand,Asia,Bangkok,Apple Watch SE (2nd Gen),Apple Watch,,Natural,259.14,5,1,246.18,246.18,THB,35.2,8665.54,Online (Apple.com),Gift Card,Education,55+,,4.1,Kept
APPL-00000950,2024-01-12,2024,Q1,January,Bangladesh,Asia,Rajshahi,MacBook Air 15-inch (M2),Mac,2 TB SSD,Starlight,1196.97,0,2,1196.97,2393.94,BDT,110.0,263333.4,Online (Apple.com),Net Banking,Education,25–34,,4.9,Kept
APPL-00005447,2023-01-02,2023,Q1,January,Malaysia,Asia,Ipoh,iPhone 15 Pro,iPhone,128 GB,Deep Purple,1046.05,2,6,1025.13,6150.78,MYR,4.71,28970.17,Corporate / B2B,Net Banking,Individual,35–44,New User,3.5,Kept
APPL-00008526,2024-05-18,2024,Q2,May,Singapore,Asia,Singapore,MacBook Pro 16-inch (M3 Pro),Mac,1 TB SSD,Silver,2528.03,10,3,2275.23,6825.69,SGD,1.34,9146.42,Carrier Store,EMI / Installment,Business,25–34,,3.6,Kept
APPL-00005418,2023-12-05,2023,Q4,December,Malaysia,Asia,George Town,AirPods (2nd Gen),AirPods,,Starlight,138.73,0,1,138.73,138.73,MYR,4.71,653.42,Carrier Store,EMI / Installment,Business,25–34,,,Kept
APPL-00003778,2022-10-04,2022,Q4,October,Hong Kong,Asia,Sha Tin,HomePod mini,Accessories,,Black,103.44,0,1,103.44,103.44,HKD,7.82,808.9,Corporate / B2B,Net Banking,Education,35–44,,,Kept
APPL-00003788,2023-11-30,2023,Q4,November,Hong Kong,Asia,Sha Tin,iPhone 13 Pro Max,iPhone,64 GB,Deep Purple,1112.47,15,3,945.6,2836.8,HKD,7.82,22183.78,Apple Store,Gift Card,Business,55+,Android,,Kept
APPL-00005109,2024-11-22,2024,Q4,November,Japan,Asia,Sendai,Magic Mouse,Accessories,,Black,80.57,2,1,78.96,78.96,JPY,149.8,11828.21,Online (Apple.com),Gift Card,Government,18–24,,3.0,Kept
APPL-00005562,2024-06-06,2024,Q2,June,Malaysia,Asia,Kuala Lumpur,iPhone 14 Plus,iPhone,512 GB,Product Red,947.9,0,3,947.9,2843.7,MYR,4.71,13393.83,Apple Store,Debit Card,Business,25–34,Other,4.7,Kept
APPL-00004006,2024-10-11,2024,Q4,October,India,Asia,Hyderabad,iPhone 14 Plus,iPhone,64 GB,Starlight,871.38,2,1,853.95,853.95,INR,83.5,71304.82,Authorized Reseller,Net Banking,Education,55+,iOS 16,,Kept
APPL-00004088,2023-09-21,2023,Q3,September,India,Asia,Patna,iPad Pro 12.9-inch (M2),iPad,128 GB,Starlight,1047.84,10,1,943.06,943.06,INR,83.5,78745.51,Online (Apple.com),Apple Pay,Business,55+,,4.9,Kept
APPL-00011338,2024-04-13,2024,Q2,April,Vietnam,Asia,Can Tho,iPad (10th Generation),iPad,64 GB,Silver,437.81,5,2,415.92,831.84,VND,24500.0,20380080.0,Corporate / B2B,Gift Card,Government,18–24,,3.5,Kept
APPL-00009849,2022-12-11,2022,Q4,December,Taiwan,Asia,Hsinchu,HomePod (2nd Gen),Accessories,,White,284.88,15,1,242.15,242.15,TWD,31.8,7700.37,Authorized Reseller,EMI / Installment,Individual,45–54,,3.1,Kept
APPL-00000779,2023-01-04,2023,Q1,January,Bangladesh,Asia,Comilla,Magic Trackpad,Accessories,,Space Gray,118.72,0,1,118.72,118.72,BDT,110.0,13059.2,Online (Apple.com),Apple Pay,Education,25–34,,3.3,Kept
APPL-00006893,2023-06-15,2023,Q2,June,Pakistan,Asia,Gujranwala,iPhone 15 Plus,iPhone,64 GB,Black,922.09,7,1,857.54,857.54,PKR,279.0,239253.66,Corporate / B2B,Cash,Government,35–44,iOS 17,4.2,Kept
APPL-00004063,2024-04-05,2024,Q2,April,India,Asia,Mumbai,Apple Watch Series 9,Apple Watch,,Natural,422.79,15,1,359.37,359.37,INR,83.5,30007.4,Apple Store,Credit Card,Government,25–34,,4.4,Kept
APPL-00000817,2023-03-07,2023,Q1,March,Bangladesh,Asia,Dhaka,iPad Air (M1),iPad,1 TB,Blue,623.36,3,1,604.66,604.66,BDT,110.0,66512.6,Corporate / B2B,Credit Card,Government,18–24,,,Kept
APPL-00000941,2023-03-17,2023,Q1,March,Bangladesh,Asia,Rajshahi,MacBook Pro 16-inch (M3 Pro),Mac,512 GB SSD,Midnight,2563.18,2,2,2511.92,5023.84,BDT,110.0,552622.4,Authorized Reseller,Cash,Individual,55+,,4.8,Kept
APPL-00007294,2022-12-14,2022,Q4,December,Philippines,Asia,Quezon City,AirPods (2nd Gen),AirPods,,Midnight,132.21,5,2,125.6,251.2,PHP,56.5,14192.8,Online (Apple.com),Gift Card,Business,25–34,,,Kept
APPL-00004968,2022-10-18,2022,Q4,October,Japan,Asia,Kyoto,MacBook Air 13-inch (M2),Mac,256 GB SSD,Midnight,1130.13,0,1,1130.13,1130.13,JPY,149.8,169293.47,Online (Apple.com),Credit Card,Government,25–34,,4.1,Kept
APPL-00005129,2024-08-30,2024,Q3,August,Japan,Asia,Tokyo,iPad (10th Generation),iPad,1 TB,Space Gray,466.86,7,1,434.18,434.18,JPY,149.8,65040.16,Online (Apple.com),Cash,Government,35–44,,4.0,Kept
APPL-00002128,2022-04-01,2022,Q2,April,China,Asia,Tianjin,HomePod mini,Accessories,,White,97.86,0,1,97.86,97.86,CNY,7.24,708.51,Third-Party Retailer,Debit Card,Government,18–24,,4.3,Kept
APPL-00003799,2024-08-11,2024,Q3,August,Hong Kong,Asia,Sha Tin,Apple Pencil (1st Gen),Accessories,,Space Gray,94.61,5,1,89.88,89.88,HKD,7.82,702.86,Online (Apple.com),Credit Card,Government,25–34,,3.7,Kept
APPL-00005537,2022-02-12,2022,Q1,February,Malaysia,Asia,Kuala Lumpur,iMac 24-inch (M3),Mac,512 GB SSD,Midnight,1208.49,5,1,1148.07,1148.07,MYR,4.71,5407.41,Online (Apple.com),Debit Card,Government,55+,,3.3,Kept
APPL-00010239,2022-07-04,2022,Q3,July,Thailand,Asia,Pattaya,MacBook Pro 16-inch (M3 Pro),Mac,256 GB SSD,Space Gray,2444.11,10,1,2199.7,2199.7,THB,35.2,77429.44,Carrier Store,Apple Pay,Government,35–44,,4.0,Kept
APPL-00010206,2023-04-12,2023,Q2,April,Thailand,Asia,Nonthaburi,Apple Pencil (1st Gen),Accessories,,White,93.99,15,2,79.89,159.78,THB,35.2,5624.26,Apple Store,Debit Card,Individual,35–44,,4.2,Kept
APPL-00005569,2022-10-27,2022,Q4,October,Malaysia,Asia,Petaling Jaya,iPhone 14,iPhone,512 GB,Starlight,761.63,7,1,708.32,708.32,MYR,4.71,3336.19,Apple Store,Debit Card,Business,45–54,New User,,Kept
APPL-00009945,2023-12-29,2023,Q4,December,Taiwan,Asia,New Taipei,AirPods Pro (2nd Gen),AirPods,,White,236.94,7,2,220.35,440.7,TWD,31.8,14014.26,Corporate / B2B,Apple Pay,Education,35–44,,4.5,Kept
APPL-00004927,2022-10-03,2022,Q4,October,Japan,Asia,Kitakyushu,iPhone 14,iPhone,1 TB,Green,792.38,3,1,768.61,768.61,JPY,149.8,115137.78,Apple Store,Debit Card,Individual,45–54,iOS 17,4.0,Kept
APPL-00005057,2023-06-26,2023,Q2,June,Japan,Asia,Sakai,USB-C Woven Charge Cable,Accessories,,White,30.61,5,1,29.08,29.08,JPY,149.8,4356.18,Carrier Store,Credit Card,Education,45–54,,4.1,Kept
APPL-00006885,2022-06-14,2022,Q2,June,Pakistan,Asia,Gujranwala,Apple Watch Series 9,Apple Watch,,Starlight,382.04,0,2,382.04,764.08,PKR,279.0,213178.32,Authorized Reseller,Gift Card,Education,25–34,,4.4,Kept
APPL-00001997,2024-03-25,2024,Q1,March,China,Asia,Chongqing,AirPods (3rd Gen),AirPods,,White,174.05,3,2,168.83,337.66,CNY,7.24,2444.66,Apple Store,Net Banking,Individual,18–24,,3.5,Returned
APPL-00005485,2024-01-25,2024,Q1,January,Malaysia,Asia,Johor Bahru,HomePod mini,Accessories,,White,106.66,7,1,99.19,99.19,MYR,4.71,467.18,Corporate / B2B,Net Banking,Business,55+,,3.5,Kept
APPL-00003815,2022-10-21,2022,Q4,October,Hong Kong,Asia,Tsuen Wan,iPhone 14 Plus,iPhone,128 GB,Blue Titanium,937.42,5,3,890.55,2671.65,HKD,7.82,20892.3,Carrier Store,Apple Pay,Business,18–24,New User,,Kept
APPL-00009975,2024-09-02,2024,Q3,September,Taiwan,Asia,Taichung,iPhone 15 Plus,iPhone,128 GB,Deep Purple,927.4,0,4,927.4,3709.6,TWD,31.8,117965.28,Carrier Store,EMI / Installment,Business,18–24,iOS 17,4.6,Kept
APPL-00000798,2024-10-24,2024,Q4,October,Bangladesh,Asia,Comilla,iPhone 14 Plus,iPhone,256 GB,Deep Purple,844.99,2,6,828.09,4968.54,BDT,110.0,546539.4,Corporate / B2B,Apple Pay,Education,35–44,Other,3.3,Kept
APPL-00003699,2023-12-28,2023,Q4,December,Hong Kong,Asia,Central,iPhone 14 Pro,iPhone,64 GB,Silver,962.94,10,1,866.65,866.65,HKD,7.82,6777.2,Third-Party Retailer,Net Banking,Individual,35–44,iOS 17,,Kept
APPL-00003897,2024-11-01,2024,Q4,November,Hong Kong,Asia,Wan Chai,iPhone 15,iPhone,256 GB,Black,810.43,10,3,729.39,2188.17,HKD,7.82,17111.49,Online (Apple.com),EMI / Installment,Government,35–44,Android,4.5,Returned
APPL-00009017,2023-01-11,2023,Q1,January,South Korea,Asia,Suwon,MacBook Pro 14-inch (M3),Mac,2 TB SSD,Gold,1959.33,3,1,1900.55,1900.55,KRW,1328.0,2523930.4,Third-Party Retailer,Cash,Education,45–54,,3.9,Exchanged
APPL-00003748,2022-07-04,2022,Q3,July,Hong Kong,Asia,Mong Kok,Apple Watch SE (2nd Gen),Apple Watch,,Natural,239.17,7,1,222.43,222.43,HKD,7.82,1739.4,Authorized Reseller,Gift Card,Education,25–34,,,Kept
APPL-00003863,2023-12-08,2023,Q4,December,Hong Kong,Asia,Tuen Mun,iPhone 13 Pro,iPhone,64 GB,Starlight,931.3,0,1,931.3,931.3,HKD,7.82,7282.77,Apple Store,Cash,Education,35–44,iOS 17,4.1,Kept
APPL-00004315,2022-03-07,2022,Q1,March,Indonesia,Asia,Semarang,iPhone 15 Pro Max,iPhone,256 GB,Black,1202.0,0,3,1202.0,3606.0,IDR,15700.0,56614200.0,Authorized Reseller,Apple Pay,Government,55+,New User,4.1,Exchanged
APPL-00008553,2024-09-12,2024,Q3,September,Singapore,Asia,Singapore,iPhone 14 Pro,iPhone,1 TB,Natural Titanium,886.45,0,2,886.45,1772.9,SGD,1.34,2375.69,Apple Store,Apple Pay,Government,55+,iOS 16,3.2,Kept
APPL-00005414,2023-10-01,2023,Q4,October,Malaysia,Asia,George Town,MacBook Pro 14-inch (M3),Mac,1 TB SSD,Gold,2025.51,0,1,2025.51,2025.51,MYR,4.71,9540.15,Third-Party Retailer,Gift Card,Business,55+,,3.4,Kept
APPL-00009801,2022-09-24,2022,Q3,September,Taiwan,Asia,Changhua,Apple Pencil (2nd Gen),Accessories,,Space Gray,130.61,15,1,111.02,111.02,TWD,31.8,3530.44,Third-Party Retailer,Gift Card,Individual,55+,,3.5,Kept
APPL-00008536,2024-07-03,2024,Q3,July,Singapore,Asia,Singapore,Mac Pro (M2 Ultra),Mac,256 GB SSD,Space Gray,6742.26,0,5,6742.26,33711.3,SGD,1.34,45173.14,Carrier Store,Cash,Government,45–54,,5.0,Kept
APPL-00009828,2023-03-01,2023,Q1,March,Taiwan,Asia,Chiayi,Mac Pro (M2 Ultra),Mac,2 TB SSD,Midnight,7483.31,0,1,7483.31,7483.31,TWD,31.8,237969.26,Carrier Store,Cash,Education,55+,,3.1,Kept
APPL-00010092,2022-02-25,2022,Q1,February,Thailand,Asia,Chiang Mai,iPad (10th Generation),iPad,128 GB,Purple,438.27,3,1,425.12,425.12,THB,35.2,14964.22,Carrier Store,Debit Card,Education,45–54,,3.7,Kept
APPL-00009990,2022-12-22,2022,Q4,December,Taiwan,Asia,Tainan,AirPods Pro (2nd Gen),AirPods,,Midnight,237.73,7,1,221.09,221.09,TWD,31.8,7030.66,Online (Apple.com),Credit Card,Education,45–54,,,Kept
APPL-00007340,2023-06-05,2023,Q2,June,Philippines,Asia,Zamboanga,iMac 24-inch (M3),Mac,2 TB SSD,Starlight,1371.73,10,2,1234.56,2469.12,PHP,56.5,139505.28,Online (Apple.com),Gift Card,Business,18–24,,4.6,Kept
APPL-00009905,2022-07-20,2022,Q3,July,Taiwan,Asia,Keelung,iPhone 13 Pro,iPhone,256 GB,Green,945.42,5,1,898.15,898.15,TWD,31.8,28561.17,Carrier Store,Debit Card,Individual,25–34,iOS 17,3.8,Kept
APPL-00011364,2024-12-21,2024,Q4,December,Vietnam,Asia,Da Nang,MacBook Air 13-inch (M2),Mac,256 GB SSD,Gold,1071.65,0,2,1071.65,2143.3,VND,24500.0,52510850.0,Online (Apple.com),Cash,Business,45–54,,,Kept
APPL-00007185,2022-07-06,2022,Q3,July,Philippines,Asia,Cebu City,HomePod (2nd Gen),Accessories,,Silver,301.13,0,2,301.13,602.26,PHP,56.5,34027.69,Carrier Store,Apple Pay,Government,55+,,,Kept
APPL-00000886,2023-08-11,2023,Q3,August,Bangladesh,Asia,Mymensingh,iPhone 15,iPhone,1 TB,Green,744.89,0,2,744.89,1489.78,BDT,110.0,163875.8,Carrier Store,Net Banking,Individual,45–54,New User,3.6,Kept
APPL-00004295,2023-04-01,2023,Q2,April,Indonesia,Asia,Palembang,Magic Keyboard,Accessories,,Silver,95.88,7,1,89.17,89.17,IDR,15700.0,1399969.0,Authorized Reseller,Net Banking,Government,18–24,,4.4,Kept
APPL-00008357,2022-03-22,2022,Q1,March,Singapore,Asia,Singapore,iPhone SE (3rd Gen),iPhone,64 GB,Natural Titanium,442.04,5,3,419.94,1259.82,SGD,1.34,1688.16,Third-Party Retailer,Net Banking,Business,45–54,New User,3.4,Returned
APPL-00011317,2022-01-14,2022,Q1,January,Vietnam,Asia,Can Tho,MagSafe Charger,Accessories,,Black,37.81,0,1,37.81,37.81,VND,24500.0,926345.0,Authorized Reseller,Debit Card,Individual,25–34,,4.2,Kept
APPL-00011387,2024-06-13,2024,Q2,June,Vietnam,Asia,Haiphong,iPhone 15,iPhone,128 GB,White Titanium,756.47,0,1,756.47,756.47,VND,24500.0,18533515.0,Carrier Store,Net Banking,Education,35–44,Android,,Kept
APPL-00011334,2024-03-07,2024,Q1,March,Vietnam,Asia,Can Tho,Apple Watch Series 8,Apple Watch,,Natural,295.63,0,1,295.63,295.63,VND,24500.0,7242935.0,Corporate / B2B,Apple Pay,Government,35–44,,,Kept
APPL-00001644,2022-02-16,2022,Q1,February,Canada,North America,Toronto,iPad Pro 11-inch (M2),iPad,512 GB,Blue,804.74,0,8,804.74,6437.92,CAD,1.36,8755.57,Third-Party Retailer,EMI / Installment,Individual,55+,,3.6,Kept
APPL-00001708,2024-02-22,2024,Q1,February,Canada,North America,Winnipeg,MacBook Pro 16-inch (M3 Pro),Mac,1 TB SSD,Space Gray,2681.11,0,1,2681.11,2681.11,CAD,1.36,3646.31,Carrier Store,EMI / Installment,Education,25–34,,,Kept
APPL-00001487,2022-04-25,2022,Q2,April,Canada,North America,Halifax,HomePod mini,Accessories,,Space Gray,101.75,15,2,86.49,172.98,CAD,1.36,235.25,Carrier Store,Cash,Individual,35–44,,4.4,Kept
APPL-00005838,2022-06-13,2022,Q2,June,Mexico,North America,Querétaro,iPad (10th Generation),iPad,256 GB,Blue,417.97,3,1,405.43,405.43,MXN,17.15,6953.12,Third-Party Retailer,Debit Card,Government,18–24,,3.1,Kept
APPL-00011105,2022-07-31,2022,Q3,July,United States,North America,Dallas,HomePod (2nd Gen),Accessories,,Space Gray,298.56,7,1,277.66,277.66,USD,1.0,277.66,Authorized Reseller,Net Banking,Individual,35–44,,4.8,Kept
APPL-00005794,2023-03-04,2023,Q1,March,Mexico,North America,Mérida,Mac Pro (M2 Ultra),Mac,1 TB SSD,Midnight,6534.4,0,1,6534.4,6534.4,MXN,17.15,112064.96,Online (Apple.com),Apple Pay,Business,45–54,,3.0,Kept
APPL-00011181,2022-05-22,2022,Q2,May,United States,North America,Memphis,MacBook Pro 14-inch (M3),Mac,512 GB SSD,Starlight,2130.54,0,1,2130.54,2130.54,USD,1.0,2130.54,Third-Party Retailer,Credit Card,Individual,55+,,4.0,Kept
APPL-00001566,2024-08-14,2024,Q3,August,Canada,North America,Montreal,MacBook Air 15-inch (M2),Mac,256 GB SSD,Gold,1294.96,3,1,1256.11,1256.11,CAD,1.36,1708.31,Authorized Reseller,Net Banking,Government,45–54,,3.9,Kept
APPL-00011134,2023-04-17,2023,Q2,April,United States,North America,Houston,Magic Trackpad,Accessories,,Space Gray,127.24,2,2,124.7,249.4,USD,1.0,249.4,Carrier Store,Debit Card,Business,45–54,,,Kept
APPL-00001557,2023-05-12,2023,Q2,May,Canada,North America,Montreal,iPad Pro 12.9-inch (M2),iPad,1 TB,Blue,1155.62,15,2,982.28,1964.56,CAD,1.36,2671.8,Apple Store,Gift Card,Government,55+,,4.3,Kept
APPL-00001514,2024-03-22,2024,Q1,March,Canada,North America,Hamilton,Mac Pro (M2 Ultra),Mac,2 TB SSD,Silver,6594.3,0,2,6594.3,13188.6,CAD,1.36,17936.5,Carrier Store,EMI / Installment,Business,55+,,3.1,Kept
APPL-00005895,2022-06-14,2022,Q2,June,Mexico,North America,Zapopan,iPad (10th Generation),iPad,128 GB,Starlight,417.73,0,6,417.73,2506.38,MXN,17.15,42984.42,Online (Apple.com),Apple Pay,Education,35–44,,3.2,Kept
APPL-00005708,2022-08-14,2022,Q3,August,Mexico,North America,León,Apple TV 4K (3rd Gen),Accessories,,White,125.77,10,2,113.19,226.38,MXN,17.15,3882.42,Online (Apple.com),Gift Card,Individual,45–54,,5.0,Kept
APPL-00005688,2022-11-29,2022,Q4,November,Mexico,North America,Guadalajara,iPhone 13 Pro Max,iPhone,256 GB,Deep Purple,1016.35,0,1,1016.35,1016.35,MXN,17.15,17430.4,Third-Party Retailer,Apple Pay,Individual,18–24,iOS 17,,Kept
APPL-00011172,2024-01-16,2024,Q1,January,United States,North America,Louisville,Magic Keyboard,Accessories,,Black,91.92,3,1,89.16,89.16,USD,1.0,89.16,Apple Store,Net Banking,Education,18–24,,4.9,Exchanged
APPL-00001663,2022-08-13,2022,Q3,August,Canada,North America,Vancouver,iPhone 14,iPhone,128 GB,Product Red,808.33,0,2,808.33,1616.66,CAD,1.36,2198.66,Apple Store,Credit Card,Individual,18–24,iOS 16,3.9,Kept
APPL-00001712,2024-11-15,2024,Q4,November,Canada,North America,Winnipeg,Apple Pencil (1st Gen),Accessories,,Space Gray,106.61,0,1,106.61,106.61,CAD,1.36,144.99,Carrier Store,Credit Card,Business,35–44,,4.5,Kept
APPL-00005681,2024-07-07,2024,Q3,July,Mexico,North America,Ciudad Juárez,Apple Watch Series 9,Apple Watch,,Product Red,422.6,3,1,409.92,409.92,MXN,17.15,7030.13,Apple Store,Debit Card,Government,55+,,,Exchanged
APPL-00005814,2024-09-13,2024,Q3,September,Mexico,North America,Mérida,Apple Watch Series 9,Apple Watch,,Natural,371.63,0,2,371.63,743.26,MXN,17.15,12746.91,Corporate / B2B,Credit Card,Individual,25–34,,4.0,Kept
APPL-00011092,2023-07-18,2023,Q3,July,United States,North America,Columbus,Mac mini (M2),Mac,512 GB SSD,Gold,579.77,10,2,521.79,1043.58,USD,1.0,1043.58,Apple Store,Apple Pay,Government,45–54,,3.0,Returned
APPL-00005746,2023-11-11,2023,Q4,November,Mexico,North America,Mexico City,AirPods (3rd Gen),AirPods,,Starlight,167.04,5,1,158.69,158.69,MXN,17.15,2721.53,Online (Apple.com),EMI / Installment,Education,35–44,,,Kept
APPL-00011094,2023-10-14,2023,Q4,October,United States,North America,Columbus,Apple Pencil (2nd Gen),Accessories,,Silver,128.84,3,1,124.97,124.97,USD,1.0,124.97,Apple Store,Net Banking,Individual,55+,,3.7,Kept
APPL-00011194,2022-06-07,2022,Q2,June,United States,North America,Nashville,iPad (10th Generation),iPad,512 GB,Purple,448.72,7,1,417.31,417.31,USD,1.0,417.31,Online (Apple.com),Apple Pay,Business,35–44,,4.8,Kept
APPL-00005868,2023-01-21,2023,Q1,January,Mexico,North America,Tijuana,iPhone 14 Plus,iPhone,64 GB,Yellow,966.06,0,2,966.06,1932.12,MXN,17.15,33135.86,Online (Apple.com),Net Banking,Business,25–34,Android,4.3,Kept
APPL-00005839,2022-08-10,2022,Q3,August,Mexico,North America,Querétaro,Apple Watch Ultra 2,Apple Watch,,Starlight,792.9,10,6,713.61,4281.66,MXN,17.15,73430.47,Carrier Store,Apple Pay,Government,55+,,,Kept
APPL-00005883,2024-04-22,2024,Q2,April,Mexico,North America,Tijuana,Mac Pro (M2 Ultra),Mac,256 GB SSD,Starlight,6862.68,0,2,6862.68,13725.36,MXN,17.15,235389.92,Authorized Reseller,EMI / Installment,Business,55+,,3.2,Returned
APPL-00011133,2023-01-15,2023,Q1,January,United States,North America,Houston,iPad Pro 11-inch (M2),iPad,256 GB,Purple,831.15,15,1,706.48,706.48,USD,1.0,706.48,Carrier Store,Credit Card,Government,35–44,,,Kept
APPL-00005721,2023-10-03,2023,Q4,October,Mexico,North America,León,Apple Pencil (1st Gen),Accessories,,Silver,95.64,0,2,95.64,191.28,MXN,17.15,3280.45,Apple Store,Apple Pay,Government,55+,,,Kept
APPL-00005835,2022-03-27,2022,Q1,March,Mexico,North America,Querétaro,HomePod (2nd Gen),Accessories,,White,311.44,5,2,295.87,591.74,MXN,17.15,10148.34,Corporate / B2B,Gift Card,Business,35–44,,3.1,Kept
APPL-00011078,2023-10-06,2023,Q4,October,United States,North America,Charlotte,Apple Watch Series 9,Apple Watch,,Product Red,424.03,7,2,394.35,788.7,USD,1.0,788.7,Corporate / B2B,EMI / Installment,Government,55+,,4.7,Kept
APPL-00005813,2024-09-12,2024,Q3,September,Mexico,North America,Mérida,MagSafe Charger,Accessories,,Silver,35.97,0,1,35.97,35.97,MXN,17.15,616.89,Carrier Store,Cash,Business,55+,,3.9,Kept
APPL-00011086,2023-07-18,2023,Q3,July,United States,North America,Chicago,Apple Watch Series 9,Apple Watch,,Starlight,399.53,0,6,399.53,2397.18,USD,1.0,2397.18,Carrier Store,Apple Pay,Education,18–24,,3.3,Kept
APPL-00001525,2023-11-16,2023,Q4,November,Canada,North America,Kitchener,MagSafe Charger,Accessories,,Silver,38.59,5,1,36.66,36.66,CAD,1.36,49.86,Corporate / B2B,Credit Card,Government,18–24,,4.3,Kept
APPL-00005869,2023-01-23,2023,Q1,January,Mexico,North America,Tijuana,iPad (10th Generation),iPad,64 GB,Starlight,416.84,0,2,416.84,833.68,MXN,17.15,14297.61,Carrier Store,Apple Pay,Education,18–24,,,Kept
APPL-00001479,2024-01-05,2024,Q1,January,Canada,North America,Edmonton,MagSafe Charger,Accessories,,White,41.81,0,1,41.81,41.81,CAD,1.36,56.86,Carrier Store,Credit Card,Education,55+,,3.7,Kept
APPL-00005712,2022-11-21,2022,Q4,November,Mexico,North America,León,Magic Mouse,Accessories,,Black,79.94,0,1,79.94,79.94,MXN,17.15,1370.97,Third-Party Retailer,Credit Card,Government,55+,,4.0,Kept
APPL-00005683,2024-09-04,2024,Q3,September,Mexico,North America,Ciudad Juárez,iPad Pro 12.9-inch (M2),iPad,256 GB,Gold,1167.4,10,1,1050.66,1050.66,MXN,17.15,18018.82,Corporate / B2B,Credit Card,Education,45–54,,,Kept
APPL-00011258,2022-10-16,2022,Q4,October,United States,North America,San Jose,MacBook Air 15-inch (M2),Mac,2 TB SSD,Gold,1312.22,5,1,1246.61,1246.61,USD,1.0,1246.61,Carrier Store,Gift Card,Business,25–34,,3.0,Kept
APPL-00011190,2024-06-30,2024,Q2,June,United States,North America,Memphis,Magic Trackpad,Accessories,,White,122.82,3,4,119.14,476.56,USD,1.0,476.56,Authorized Reseller,Credit Card,Individual,25–34,,3.9,Kept
APPL-00001675,2024-03-26,2024,Q1,March,Canada,North America,Vancouver,Apple Watch Series 8,Apple Watch,,Yellow,301.48,0,1,301.48,301.48,CAD,1.36,410.01,Carrier Store,Net Banking,Government,35–44,,3.7,Kept
APPL-00005731,2024-07-24,2024,Q3,July,Mexico,North America,León,MacBook Pro 16-inch (M3 Pro),Mac,2 TB SSD,Midnight,2473.73,7,2,2300.57,4601.14,MXN,17.15,78909.55,Apple Store,EMI / Installment,Government,45–54,,,Kept
APPL-00001679,2024-08-22,2024,Q3,August,Canada,North America,Vancouver,iPad (10th Generation),iPad,64 GB,Starlight,425.44,2,2,416.93,833.86,CAD,1.36,1134.05,Online (Apple.com),Net Banking,Education,45–54,,3.3,Kept
APPL-00005758,2022-08-14,2022,Q3,August,Mexico,North America,Monterrey,MacBook Air 15-inch (M2),Mac,512 GB SSD,Starlight,1352.11,10,1,1216.9,1216.9,MXN,17.15,20869.83,Authorized Reseller,Apple Pay,Education,18–24,,3.4,Kept
APPL-00011266,2022-10-07,2022,Q4,October,United States,North America,Seattle,iPhone 13 Pro,iPhone,1 TB,Starlight,913.26,10,1,821.93,821.93,USD,1.0,821.93,Online (Apple.com),Debit Card,Education,45–54,Other,5.0,Kept
APPL-00005785,2022-05-21,2022,Q2,May,Mexico,North America,Mérida,iPhone 14 Pro Max,iPhone,128 GB,Product Red,1014.53,0,1,1014.53,1014.53,MXN,17.15,17399.19,Third-Party Retailer,EMI / Installment,Business,25–34,iOS 17,3.1,Kept
APPL-00001526,2024-01-11,2024,Q1,January,Canada,North America,Kitchener,Mac Pro (M2 Ultra),Mac,512 GB SSD,Gold,7122.53,0,1,7122.53,7122.53,CAD,1.36,9686.64,Apple Store,Debit Card,Business,55+,,4.5,Kept
APPL-00001515,2024-04-24,2024,Q2,April,Canada,North America,Hamilton,HomePod (2nd Gen),Accessories,,Black,299.83,0,3,299.83,899.49,CAD,1.36,1223.31,Authorized Reseller,Apple Pay,Education,45–54,,4.2,Returned
APPL-00011239,2024-10-09,2024,Q4,October,United States,North America,Portland,MacBook Air 15-inch (M2),Mac,1 TB SSD,Silver,1306.14,0,1,1306.14,1306.14,USD,1.0,1306.14,Third-Party Retailer,Net Banking,Education,18–24,,4.3,Kept
APPL-00005664,2023-05-09,2023,Q2,May,Mexico,North America,Ciudad Juárez,iPhone 14 Pro,iPhone,256 GB,Starlight,887.89,7,5,825.74,4128.7,MXN,17.15,70807.2,Carrier Store,Cash,Education,18–24,iOS 17,3.8,Kept
APPL-00005914,2024-06-08,2024,Q2,June,Mexico,North America,Zapopan,iMac 24-inch (M3),Mac,2 TB SSD,Midnight,1267.8,3,1,1229.77,1229.77,MXN,17.15,21090.56,Authorized Reseller,Credit Card,Government,55+,,3.4,Kept
APPL-00011250,2022-06-30,2022,Q2,June,United States,North America,San Francisco,iPhone 13 Pro Max,iPhone,64 GB,Silver,1121.37,0,1,1121.37,1121.37,USD,1.0,1121.37,Online (Apple.com),Debit Card,Individual,55+,iOS 15,4.7,Exchanged
APPL-00011220,2024-06-07,2024,Q2,June,United States,North America,Philadelphia,iPhone 15,iPhone,1 TB,White Titanium,774.81,0,2,774.81,1549.62,USD,1.0,1549.62,Third-Party Retailer,Cash,Education,18–24,Android,4.9,Kept
APPL-00005750,2024-02-20,2024,Q1,February,Mexico,North America,Mexico City,iPad (10th Generation),iPad,256 GB,Blue,447.29,2,2,438.34,876.68,MXN,17.15,15035.06,Carrier Store,Net Banking,Education,25–34,,3.6,Returned
APPL-00001660,2022-06-08,2022,Q2,June,Canada,North America,Vancouver,Apple Pencil (2nd Gen),Accessories,,Silver,126.38,0,1,126.38,126.38,CAD,1.36,171.88,Apple Store,Net Banking,Government,25–34,,3.6,Kept
APPL-00005798,2023-07-19,2023,Q3,July,Mexico,North America,Mérida,AirPods (3rd Gen),AirPods,,Starlight,178.23,0,2,178.23,356.46,MXN,17.15,6113.29,Carrier Store,Apple Pay,Education,18–24,,5.0,Kept
APPL-00011127,2023-09-16,2023,Q3,September,United States,North America,Fort Worth,iPhone 14,iPhone,256 GB,Product Red,860.18,0,3,860.18,2580.54,USD,1.0,2580.54,Online (Apple.com),Credit Card,Business,55+,iOS 15,,Kept
APPL-00001532,2022-09-15,2022,Q3,September,Canada,North America,London,iPhone 14 Plus,iPhone,64 GB,Starlight,892.09,7,1,829.64,829.64,CAD,1.36,1128.31,Third-Party Retailer,Cash,Individual,45–54,iOS 16,,Kept
APPL-00001502,2022-07-29,2022,Q3,July,Canada,North America,Hamilton,MagSafe Charger,Accessories,,Black,38.52,7,1,35.82,35.82,CAD,1.36,48.72,Carrier Store,Debit Card,Education,25–34,,4.3,Kept
APPL-00005722,2023-10-26,2023,Q4,October,Mexico,North America,León,iPad (10th Generation),iPad,64 GB,Silver,471.36,2,2,461.93,923.86,MXN,17.15,15844.2,Carrier Store,Debit Card,Education,45–54,,,Kept
APPL-00011224,2024-10-29,2024,Q4,October,United States,North America,Philadelphia,Magic Trackpad,Accessories,,Silver,122.0,0,1,122.0,122.0,USD,1.0,122.0,Authorized Reseller,Net Banking,Government,45–54,,,Kept
APPL-00011079,2024-01-04,2024,Q1,January,United States,North America,Charlotte,Mac mini (M2),Mac,2 TB SSD,Gold,617.94,0,2,617.94,1235.88,USD,1.0,1235.88,Corporate / B2B,Apple Pay,Business,55+,,4.6,Kept
APPL-00011228,2023-01-23,2023,Q1,January,United States,North America,Phoenix,iPhone 14 Plus,iPhone,1 TB,White Titanium,925.04,0,1,925.04,925.04,USD,1.0,925.04,Corporate / B2B,Net Banking,Government,55+,iOS 16,3.1,Kept
APPL-00002774,2024-06-15,2024,Q2,June,Egypt,Africa,Giza,Magic Trackpad,Accessories,,Silver,132.14,15,3,112.32,336.96,EGP,30.9,10412.06,Corporate / B2B,Net Banking,Government,55+,,3.5,Kept
APPL-00005174,2024-06-29,2024,Q2,June,Kenya,Africa,Eldoret,iPad (10th Generation),iPad,1 TB,Gold,436.83,5,2,414.99,829.98,KES,129.0,107067.42,Third-Party Retailer,Credit Card,Business,25–34,,3.1,Returned
APPL-00008673,2024-08-31,2024,Q3,August,South Africa,Africa,East London,MacBook Air 13-inch (M2),Mac,512 GB SSD,Space Gray,1165.77,0,2,1165.77,2331.54,ZAR,18.9,44066.11,Carrier Store,Net Banking,Government,25–34,,3.2,Kept
APPL-00002701,2022-11-05,2022,Q4,November,Egypt,Africa,Asyut,HomePod (2nd Gen),Accessories,,Silver,297.68,15,2,253.03,506.06,EGP,30.9,15637.25,Online (Apple.com),Net Banking,Individual,55+,,,Exchanged
APPL-00002708,2023-11-01,2023,Q4,November,Egypt,Africa,Asyut,iPhone 14,iPhone,64 GB,Natural Titanium,794.6,0,2,794.6,1589.2,EGP,30.9,49106.28,Apple Store,Cash,Individual,25–34,New User,3.5,Kept
APPL-00005189,2022-08-11,2022,Q3,August,Kenya,Africa,Kisumu,Apple Pencil (2nd Gen),Accessories,,Black,138.44,15,1,117.67,117.67,KES,129.0,15179.43,Online (Apple.com),Debit Card,Business,18–24,,3.6,Kept
APPL-00006502,2023-03-03,2023,Q1,March,Nigeria,Africa,Ibadan,Apple Watch Series 9,Apple Watch,,Titanium,381.7,3,1,370.25,370.25,NGN,1550.0,573887.5,Online (Apple.com),Net Banking,Education,18–24,,4.0,Kept
APPL-00005168,2023-08-26,2023,Q3,August,Kenya,Africa,Eldoret,iPhone 15 Plus,iPhone,128 GB,Black,877.0,0,2,877.0,1754.0,KES,129.0,226266.0,Online (Apple.com),Net Banking,Education,25–34,New User,3.2,Kept
APPL-00005240,2024-10-26,2024,Q4,October,Kenya,Africa,Kitale,iPad Pro 12.9-inch (M2),iPad,1 TB,Gold,1153.77,15,1,980.7,980.7,KES,129.0,126510.3,Authorized Reseller,EMI / Installment,Business,45–54,,4.9,Kept
APPL-00005232,2024-04-27,2024,Q2,April,Kenya,Africa,Kitale,HomePod (2nd Gen),Accessories,,Silver,319.47,0,3,319.47,958.41,KES,129.0,123634.89,Third-Party Retailer,Net Banking,Individual,25–34,,3.7,Returned
APPL-00005331,2023-11-24,2023,Q4,November,Kenya,Africa,Nairobi,Apple Watch SE (2nd Gen),Apple Watch,,Titanium,230.18,15,1,195.65,195.65,KES,129.0,25238.85,Third-Party Retailer,Debit Card,Government,18–24,,,Kept
APPL-00005376,2022-12-10,2022,Q4,December,Kenya,Africa,Thika,HomePod mini,Accessories,,Silver,100.16,10,1,90.14,90.14,KES,129.0,11628.06,Corporate / B2B,Cash,Individual,45–54,,4.1,Kept
APPL-00005195,2023-10-27,2023,Q4,October,Kenya,Africa,Kisumu,iPhone 14 Plus,iPhone,128 GB,Black,873.01,15,1,742.06,742.06,KES,129.0,95725.74,Carrier Store,Cash,Business,45–54,iOS 15,,Exchanged
APPL-00008756,2023-12-24,2023,Q4,December,South Africa,Africa,Pretoria,MacBook Pro 16-inch (M3 Pro),Mac,1 TB SSD,Midnight,2408.84,2,2,2360.66,4721.32,ZAR,18.9,89232.95,Online (Apple.com),EMI / Installment,Business,35–44,,3.7,Returned
APPL-00008731,2023-12-29,2023,Q4,December,South Africa,Africa,Port Elizabeth,iPhone 14 Pro,iPhone,64 GB,White Titanium,830.76,5,2,789.22,1578.44,ZAR,18.9,29832.52,Corporate / B2B,Gift Card,Education,55+,Other,4.9,Exchanged
APPL-00006572,2024-04-25,2024,Q2,April,Nigeria,Africa,Kano,MacBook Air 15-inch (M2),Mac,2 TB SSD,Space Gray,1338.59,3,2,1298.43,2596.86,NGN,1550.0,4025133.0,Corporate / B2B,Debit Card,Business,55+,,4.3,Kept
APPL-00006472,2023-04-22,2023,Q2,April,Nigeria,Africa,Enugu,USB-C Woven Charge Cable,Accessories,,Space Gray,27.27,0,1,27.27,27.27,NGN,1550.0,42268.5,Third-Party Retailer,Net Banking,Individual,18–24,,3.6,Kept
APPL-00006433,2023-03-30,2023,Q1,March,Nigeria,Africa,Abuja,iPhone 14,iPhone,1 TB,Midnight,819.92,0,2,819.92,1639.84,NGN,1550.0,2541752.0,Online (Apple.com),Gift Card,Individual,45–54,iOS 17,3.6,Kept
APPL-00005390,2023-12-07,2023,Q4,December,Kenya,Africa,Thika,MacBook Air 15-inch (M2),Mac,1 TB SSD,Space Gray,1385.25,2,2,1357.55,2715.1,KES,129.0,350247.9,Third-Party Retailer,Gift Card,Education,25–34,,4.5,Kept
APPL-00005243,2022-01-24,2022,Q1,January,Kenya,Africa,Malindi,Apple Pencil (1st Gen),Accessories,,Black,97.05,2,2,95.11,190.22,KES,129.0,24538.38,Online (Apple.com),Gift Card,Education,18–24,,3.6,Kept
APPL-00008711,2024-11-21,2024,Q4,November,South Africa,Africa,Johannesburg,iPad (10th Generation),iPad,256 GB,Purple,464.34,0,1,464.34,464.34,ZAR,18.9,8776.03,Apple Store,Apple Pay,Education,25–34,,,Exchanged
APPL-00008633,2023-02-22,2023,Q1,February,South Africa,Africa,Durban,iPad Pro 11-inch (M2),iPad,128 GB,Starlight,836.62,0,3,836.62,2509.86,ZAR,18.9,47436.35,Authorized Reseller,Net Banking,Government,35–44,,,Kept
APPL-00008788,2024-02-12,2024,Q1,February,South Africa,Africa,Soweto,Apple Watch SE (2nd Gen),Apple Watch,,Starlight,247.53,0,1,247.53,247.53,ZAR,18.9,4678.32,Apple Store,Net Banking,Individual,45–54,,4.3,Kept
APPL-00002717,2024-09-16,2024,Q3,September,Egypt,Africa,Asyut,MagSafe Charger,Accessories,,White,41.98,5,1,39.88,39.88,EGP,30.9,1232.29,Third-Party Retailer,Apple Pay,Education,55+,,4.2,Kept
APPL-00005272,2024-10-19,2024,Q4,October,Kenya,Africa,Malindi,MacBook Air 13-inch (M2),Mac,256 GB SSD,Silver,1120.88,0,1,1120.88,1120.88,KES,129.0,144593.52,Carrier Store,Net Banking,Government,25–34,,4.4,Kept
APPL-00008627,2022-02-08,2022,Q1,February,South Africa,Africa,Durban,USB-C Woven Charge Cable,Accessories,,Black,29.59,7,3,27.52,82.56,ZAR,18.9,1560.38,Corporate / B2B,Gift Card,Government,35–44,,4.1,Kept
APPL-00005216,2022-07-25,2022,Q3,July,Kenya,Africa,Kitale,Magic Keyboard,Accessories,,White,96.02,3,1,93.14,93.14,KES,129.0,12015.06,Third-Party Retailer,Credit Card,Business,35–44,,4.6,Kept
APPL-00005353,2022-08-29,2022,Q3,August,Kenya,Africa,Nakuru,iPad Mini (6th Gen),iPad,2 TB,Purple,470.63,15,1,400.04,400.04,KES,129.0,51605.16,Apple Store,Cash,Individual,45–54,,,Kept
APPL-00008576,2022-02-05,2022,Q1,February,South Africa,Africa,Bloemfontein,iPhone 13 Pro,iPhone,64 GB,White Titanium,897.62,0,2,897.62,1795.24,ZAR,18.9,33930.04,Third-Party Retailer,Debit Card,Business,25–34,iOS 15,3.6,Kept
APPL-00006638,2024-01-01,2024,Q1,January,Nigeria,Africa,Port Harcourt,iPhone 14 Pro Max,iPhone,64 GB,Natural Titanium,933.23,3,1,905.23,905.23,NGN,1550.0,1403106.5,Apple Store,Net Banking,Government,45–54,iOS 17,3.2,Kept
APPL-00002754,2022-05-28,2022,Q2,May,Egypt,Africa,Giza,Apple Watch SE (2nd Gen),Apple Watch,,Yellow,243.84,15,4,207.26,829.04,EGP,30.9,25617.34,Authorized Reseller,Apple Pay,Education,35–44,,4.2,Returned
APPL-00008680,2022-02-06,2022,Q1,February,South Africa,Africa,Johannesburg,iPhone 14,iPhone,128 GB,Yellow,812.17,7,1,755.32,755.32,ZAR,18.9,14275.55,Apple Store,EMI / Installment,Education,25–34,Other,,Kept
APPL-00006529,2024-10-12,2024,Q4,October,Nigeria,Africa,Ilorin,iPad Pro 12.9-inch (M2),iPad,64 GB,Starlight,1162.2,7,1,1080.85,1080.85,NGN,1550.0,1675317.5,Corporate / B2B,Net Banking,Government,18–24,,4.0,Kept
APPL-00005280,2022-04-20,2022,Q2,April,Kenya,Africa,Mombasa,HomePod (2nd Gen),Accessories,,Black,280.19,0,1,280.19,280.19,KES,129.0,36144.51,Corporate / B2B,Debit Card,Education,18–24,,3.1,Returned
APPL-00002843,2023-07-09,2023,Q3,July,Egypt,Africa,Port Said,iPhone 14,iPhone,256 GB,Deep Purple,769.25,0,2,769.25,1538.5,EGP,30.9,47539.65,Online (Apple.com),Credit Card,Government,18–24,New User,3.5,Kept
APPL-00008618,2023-05-25,2023,Q2,May,South Africa,Africa,Cape Town,iPhone 14,iPhone,1 TB,Product Red,812.47,3,1,788.1,788.1,ZAR,18.9,14895.09,Third-Party Retailer,Cash,Business,45–54,Android,3.5,Kept
APPL-00005159,2022-06-10,2022,Q2,June,Kenya,Africa,Eldoret,iPhone 15 Pro,iPhone,64 GB,Black,1037.02,3,1,1005.91,1005.91,KES,129.0,129762.39,Carrier Store,Apple Pay,Business,55+,New User,4.9,Returned
APPL-00008745,2022-04-13,2022,Q2,April,South Africa,Africa,Pretoria,iPad Pro 11-inch (M2),iPad,2 TB,Starlight,759.93,3,1,737.13,737.13,ZAR,18.9,13931.76,Third-Party Retailer,Debit Card,Education,18–24,,3.2,Kept
APPL-00005345,2024-10-22,2024,Q4,October,Kenya,Africa,Nairobi,iPad (10th Generation),iPad,2 TB,Gold,419.85,5,1,398.86,398.86,KES,129.0,51452.94,Third-Party Retailer,Debit Card,Individual,55+,,,Kept
APPL-00002917,2024-10-02,2024,Q4,October,Egypt,Africa,Tanta,iPhone 14,iPhone,512 GB,Midnight,800.27,2,2,784.26,1568.52,EGP,30.9,48467.27,Authorized Reseller,Net Banking,Government,18–24,iOS 17,3.8,Kept
APPL-00002785,2022-04-20,2022,Q2,April,Egypt,Africa,Luxor,Apple Watch Series 8,Apple Watch,,Natural,304.33,0,2,304.33,608.66,EGP,30.9,18807.59,Corporate / B2B,Apple Pay,Education,25–34,,3.7,Kept
APPL-00002745,2024-06-25,2024,Q2,June,Egypt,Africa,Cairo,Mac mini (M2),Mac,1 TB SSD,Silver,620.71,0,1,620.71,620.71,EGP,30.9,19179.94,Online (Apple.com),Apple Pay,Government,18–24,,4.1,Kept
APPL-00002852,2024-07-04,2024,Q3,July,Egypt,Africa,Port Said,Apple Pencil (2nd Gen),Accessories,,White,124.1,0,2,124.1,248.2,EGP,30.9,7669.38,Carrier Store,Net Banking,Government,55+,,3.1,Kept
APPL-00002836,2022-08-09,2022,Q3,August,Egypt,Africa,Port Said,AirPods Max,AirPods,,Starlight,530.29,0,2,530.29,1060.58,EGP,30.9,32771.92,Third-Party Retailer,Debit Card,Individual,55+,,3.2,Kept
APPL-00002817,2024-01-27,2024,Q1,January,Egypt,Africa,Mansoura,Apple Watch Series 8,Apple Watch,,Yellow,297.97,15,1,253.27,253.27,EGP,30.9,7826.04,Carrier Store,Credit Card,Government,35–44,,,Kept
APPL-00008617,2023-03-16,2023,Q1,March,South Africa,Africa,Cape Town,iPhone 14,iPhone,256 GB,Deep Purple,817.06,0,1,817.06,817.06,ZAR,18.9,15442.43,Carrier Store,Apple Pay,Government,35–44,iOS 15,,Returned
APPL-00008594,2024-02-09,2024,Q1,February,South Africa,Africa,Bloemfontein,Magic Mouse,Accessories,,Silver,78.39,3,3,76.04,228.12,ZAR,18.9,4311.47,Online (Apple.com),EMI / Installment,Individual,55+,,4.2,Kept
APPL-00005215,2022-06-18,2022,Q2,June,Kenya,Africa,Kitale,iPad Pro 11-inch (M2),iPad,512 GB,Blue,798.01,5,1,758.11,758.11,KES,129.0,97796.19,Third-Party Retailer,Credit Card,Government,35–44,,3.4,Returned
APPL-00006466,2022-05-04,2022,Q2,May,Nigeria,Africa,Enugu,MacBook Pro 14-inch (M3),Mac,2 TB SSD,Midnight,1840.68,0,5,1840.68,9203.4,NGN,1550.0,14265270.0,Authorized Reseller,EMI / Installment,Education,25–34,,,Kept
APPL-00006628,2022-10-26,2022,Q4,October,Nigeria,Africa,Port Harcourt,iPhone 13 Mini,iPhone,256 GB,Green,599.37,15,4,509.46,2037.84,NGN,1550.0,3158652.0,Corporate / B2B,Credit Card,Education,55+,Android,3.5,Kept
APPL-00008665,2023-06-23,2023,Q2,June,South Africa,Africa,East London,iPhone 13 Pro,iPhone,1 TB,Natural Titanium,926.95,5,1,880.6,880.6,ZAR,18.9,16643.34,Online (Apple.com),Cash,Education,55+,Android,,Kept
APPL-00002741,2024-04-03,2024,Q2,April,Egypt,Africa,Cairo,AirPods (3rd Gen),AirPods,,Starlight,177.97,7,2,165.51,331.02,EGP,30.9,10228.52,Carrier Store,Net Banking,Education,25–34,,3.2,Kept
APPL-00002913,2023-11-27,2023,Q4,November,Egypt,Africa,Tanta,USB-C Woven Charge Cable,Accessories,,Space Gray,29.8,10,3,26.82,80.46,EGP,30.9,2486.21,Apple Store,Gift Card,Education,45–54,,4.3,Kept
APPL-00008628,2022-03-25,2022,Q1,March,South Africa,Africa,Durban,USB-C Woven Charge Cable,Accessories,,Black,26.9,0,1,26.9,26.9,ZAR,18.9,508.41,Authorized Reseller,Gift Card,Business,55+,,,Kept
APPL-00008762,2024-08-10,2024,Q3,August,South Africa,Africa,Pretoria,MagSafe Charger,Accessories,,Space Gray,37.56,0,1,37.56,37.56,ZAR,18.9,709.88,Third-Party Retailer,EMI / Installment,Individual,25–34,,,Kept
APPL-00002764,2024-01-15,2024,Q1,January,Egypt,Africa,Giza,iPhone 14 Pro Max,iPhone,512 GB,Deep Purple,945.2,3,1,916.84,916.84,EGP,30.9,28330.36,Carrier Store,Net Banking,Government,18–24,Android,4.3,Kept
APPL-00006626,2022-09-27,2022,Q3,September,Nigeria,Africa,Port Harcourt,iPad Pro 12.9-inch (M2),iPad,64 GB,Blue,1115.74,0,5,1115.74,5578.7,NGN,1550.0,8646985.0,Corporate / B2B,Credit Card,Business,45–54,,,Kept
APPL-00008586,2023-03-02,2023,Q1,March,South Africa,Africa,Bloemfontein,MacBook Pro 14-inch (M3),Mac,256 GB SSD,Starlight,2085.45,0,7,2085.45,14598.15,ZAR,18.9,275905.03,Apple Store,Cash,Business,25–34,,,Kept
APPL-00008641,2023-12-18,2023,Q4,December,South Africa,Africa,Durban,iPhone 15 Pro,iPhone,512 GB,Blue Titanium,997.71,7,1,927.87,927.87,ZAR,18.9,17536.74,Apple Store,Apple Pay,Business,45–54,iOS 15,5.0,Kept
APPL-00006450,2022-09-23,2022,Q3,September,Nigeria,Africa,Benin City,MacBook Air 15-inch (M2),Mac,256 GB SSD,Gold,1301.8,7,1,1210.67,1210.67,NGN,1550.0,1876538.5,Apple Store,Net Banking,Government,35–44,,4.1,Returned
APPL-00006594,2024-01-23,2024,Q1,January,Nigeria,Africa,Lagos,Apple Watch Ultra 2,Apple Watch,,Midnight,759.95,10,1,683.96,683.96,NGN,1550.0,1060138.0,Authorized Reseller,Net Banking,Individual,35–44,,4.4,Kept
APPL-00006521,2023-08-31,2023,Q3,August,Nigeria,Africa,Ilorin,Mac Pro (M2 Ultra),Mac,256 GB SSD,Gold,7220.46,10,1,6498.41,6498.41,NGN,1550.0,10072535.5,Authorized Reseller,Credit Card,Government,25–34,,3.2,Kept
APPL-00007932,2023-02-13,2023,Q1,February,Russia,Europe/Asia,Nizhny Novgorod,HomePod mini,Accessories,,Space Gray,106.3,10,1,95.67,95.67,RUB,91.5,8753.81,Third-Party Retailer,Net Banking,Individual,18–24,,,Kept
APPL-00010496,2024-07-07,2024,Q3,July,Turkey,Europe/Asia,Izmir,iPhone 14,iPhone,128 GB,Black Titanium,741.65,0,1,741.65,741.65,TRY,30.5,22620.33,Corporate / B2B,Cash,Individual,18–24,New User,4.1,Kept
APPL-00010476,2022-06-30,2022,Q2,June,Turkey,Europe/Asia,Izmir,iPad Mini (6th Gen),iPad,512 GB,Blue,496.85,15,1,422.32,422.32,TRY,30.5,12880.76,Apple Store,Gift Card,Individual,35–44,,4.7,Kept
APPL-00010359,2024-12-04,2024,Q4,December,Turkey,Europe/Asia,Ankara,Apple Watch SE (2nd Gen),Apple Watch,,Silver,250.1,10,1,225.09,225.09,TRY,30.5,6865.24,Authorized Reseller,Gift Card,Government,25–34,,,Kept
APPL-00010481,2023-01-14,2023,Q1,January,Turkey,Europe/Asia,Izmir,iPhone 14 Plus,iPhone,256 GB,Starlight,964.99,0,1,964.99,964.99,TRY,30.5,29432.19,Third-Party Retailer,Gift Card,Education,35–44,Other,,Kept
APPL-00008031,2022-05-16,2022,Q2,May,Russia,Europe/Asia,Samara,Apple Pencil (2nd Gen),Accessories,,White,132.04,0,1,132.04,132.04,RUB,91.5,12081.66,Corporate / B2B,Cash,Government,18–24,,3.4,Returned
APPL-00010350,2022-09-24,2022,Q3,September,Turkey,Europe/Asia,Ankara,Magic Trackpad,Accessories,,Space Gray,119.85,3,1,116.25,116.25,TRY,30.5,3545.62,Online (Apple.com),EMI / Installment,Education,18–24,,,Kept
APPL-00010457,2023-05-20,2023,Q2,May,Turkey,Europe/Asia,Istanbul,iPad Air (M1),iPad,512 GB,Space Gray,579.15,10,1,521.24,521.24,TRY,30.5,15897.82,Online (Apple.com),Gift Card,Government,45–54,,4.3,Kept
APPL-00007936,2023-10-21,2023,Q4,October,Russia,Europe/Asia,Nizhny Novgorod,MacBook Pro 16-inch (M3 Pro),Mac,512 GB SSD,Space Gray,2680.22,0,4,2680.22,10720.88,RUB,91.5,980960.52,Apple Store,EMI / Installment,Education,35–44,,4.5,Exchanged
APPL-00010524,2024-08-20,2024,Q3,August,Turkey,Europe/Asia,Kayseri,AirPods (2nd Gen),AirPods,,Starlight,128.5,0,2,128.5,257.0,TRY,30.5,7838.5,Carrier Store,Net Banking,Government,55+,,4.5,Kept
APPL-00007868,2022-08-25,2022,Q3,August,Russia,Europe/Asia,Chelyabinsk,HomePod (2nd Gen),Accessories,,Silver,319.97,7,5,297.57,1487.85,RUB,91.5,136138.27,Apple Store,EMI / Installment,Individual,25–34,,,Kept
APPL-00010363,2022-04-09,2022,Q2,April,Turkey,Europe/Asia,Antalya,iPhone 14 Pro,iPhone,256 GB,Midnight,955.21,15,2,811.93,1623.86,TRY,30.5,49527.73,Apple Store,Apple Pay,Education,35–44,iOS 16,4.0,Exchanged
APPL-00010515,2023-10-20,2023,Q4,October,Turkey,Europe/Asia,Kayseri,MacBook Pro 16-inch (M3 Pro),Mac,256 GB SSD,Midnight,2591.59,2,1,2539.76,2539.76,TRY,30.5,77462.68,Carrier Store,Debit Card,Individual,35–44,,4.2,Kept
APPL-00010380,2023-08-02,2023,Q3,August,Turkey,Europe/Asia,Antalya,Magic Keyboard,Accessories,,White,102.65,15,2,87.25,174.5,TRY,30.5,5322.25,Apple Store,EMI / Installment,Education,18–24,,4.5,Kept
APPL-00007889,2022-05-10,2022,Q2,May,Russia,Europe/Asia,Kazan,USB-C Woven Charge Cable,Accessories,,Silver,31.18,5,4,29.62,118.48,RUB,91.5,10840.92,Authorized Reseller,Net Banking,Individual,55+,,4.6,Kept
APPL-00007952,2023-01-06,2023,Q1,January,Russia,Europe/Asia,Novosibirsk,iPhone 13 Pro,iPhone,1 TB,Black,891.31,3,5,864.57,4322.85,RUB,91.5,395540.78,Carrier Store,EMI / Installment,Government,25–34,iOS 15,3.6,Kept
APPL-00007914,2023-07-14,2023,Q3,July,Russia,Europe/Asia,Moscow,iPad (10th Generation),iPad,512 GB,Space Gray,415.49,0,2,415.49,830.98,RUB,91.5,76034.67,Corporate / B2B,Cash,Education,35–44,,4.9,Kept
APPL-00010505,2022-04-26,2022,Q2,April,Turkey,Europe/Asia,Kayseri,MacBook Pro 14-inch (M3),Mac,1 TB SSD,Silver,2071.78,0,2,2071.78,4143.56,TRY,30.5,126378.58,Third-Party Retailer,Credit Card,Education,25–34,,,Kept
APPL-00007892,2022-08-22,2022,Q3,August,Russia,Europe/Asia,Kazan,AirPods (2nd Gen),AirPods,,Midnight,122.39,10,2,110.15,220.3,RUB,91.5,20157.45,Third-Party Retailer,Credit Card,Government,55+,,,Kept
APPL-00008062,2023-08-31,2023,Q3,August,Russia,Europe/Asia,Ufa,iPhone 15,iPhone,512 GB,Product Red,766.64,3,3,743.64,2230.92,RUB,91.5,204129.18,Authorized Reseller,EMI / Installment,Individual,35–44,iOS 17,3.2,Returned
APPL-00008039,2023-09-17,2023,Q3,September,Russia,Europe/Asia,Samara,iPhone 15,iPhone,64 GB,Product Red,765.42,7,1,711.84,711.84,RUB,91.5,65133.36,Online (Apple.com),Debit Card,Individual,25–34,Other,,Returned
APPL-00010547,2022-09-10,2022,Q3,September,Turkey,Europe/Asia,Mersin,Apple Watch SE (2nd Gen),Apple Watch,,Starlight,246.3,15,1,209.36,209.36,TRY,30.5,6385.48,Online (Apple.com),Net Banking,Business,45–54,,3.6,Kept
APPL-00007929,2022-12-10,2022,Q4,December,Russia,Europe/Asia,Nizhny Novgorod,USB-C Woven Charge Cable,Accessories,,Black,30.04,2,4,29.44,117.76,RUB,91.5,10775.04,Carrier Store,EMI / Installment,Business,18–24,,,Kept
APPL-00010343,2024-12-30,2024,Q4,December,Turkey,Europe/Asia,Adana,iPhone 13 Pro,iPhone,128 GB,Natural Titanium,969.21,0,2,969.21,1938.42,TRY,30.5,59121.81,Corporate / B2B,Debit Card,Government,25–34,iOS 17,3.0,Kept
APPL-00007963,2024-08-08,2024,Q3,August,Russia,Europe/Asia,Novosibirsk,Apple TV 4K (3rd Gen),Accessories,,White,120.4,0,1,120.4,120.4,RUB,91.5,11016.6,Online (Apple.com),Gift Card,Individual,18–24,,,Kept
APPL-00010556,2024-01-06,2024,Q1,January,Turkey,Europe/Asia,Mersin,Apple TV 4K (3rd Gen),Accessories,,Black,128.18,0,1,128.18,128.18,TRY,30.5,3909.49,Online (Apple.com),Apple Pay,Business,55+,,5.0,Kept
APPL-00010440,2024-07-23,2024,Q3,July,Turkey,Europe/Asia,Gaziantep,iPad Pro 11-inch (M2),iPad,64 GB,Silver,847.73,5,2,805.34,1610.68,TRY,30.5,49125.74,Authorized Reseller,Credit Card,Education,55+,,,Kept
APPL-00010403,2023-06-17,2023,Q2,June,Turkey,Europe/Asia,Bursa,HomePod mini,Accessories,,Black,92.56,0,4,92.56,370.24,TRY,30.5,11292.32,Third-Party Retailer,Debit Card,Individual,45–54,,4.5,Kept
APPL-00010383,2024-02-03,2024,Q1,February,Turkey,Europe/Asia,Antalya,AirPods Pro (2nd Gen),AirPods,,Sky,234.42,0,1,234.42,234.42,TRY,30.5,7149.81,Carrier Store,Cash,Education,18–24,,4.9,Kept
APPL-00007859,2022-01-11,2022,Q1,January,Russia,Europe/Asia,Chelyabinsk,Magic Trackpad,Accessories,,Silver,137.25,0,3,137.25,411.75,RUB,91.5,37675.12,Third-Party Retailer,Gift Card,Individual,18–24,,,Kept
APPL-00010473,2024-11-17,2024,Q4,November,Turkey,Europe/Asia,Istanbul,Magic Keyboard,Accessories,,Space Gray,102.19,3,5,99.12,495.6,TRY,30.5,15115.8,Authorized Reseller,Credit Card,Education,45–54,,4.1,Kept
APPL-00007870,2023-01-15,2023,Q1,January,Russia,Europe/Asia,Chelyabinsk,Apple Pencil (1st Gen),Accessories,,Silver,105.07,10,3,94.56,283.68,RUB,91.5,25956.72,Corporate / B2B,Credit Card,Government,25–34,,4.0,Kept
APPL-00010462,2023-08-18,2023,Q3,August,Turkey,Europe/Asia,Istanbul,Apple Pencil (2nd Gen),Accessories,,Space Gray,131.48,5,4,124.91,499.64,TRY,30.5,15239.02,Online (Apple.com),Apple Pay,Business,55+,,,Kept
APPL-00010512,2023-04-12,2023,Q2,April,Turkey,Europe/Asia,Kayseri,HomePod (2nd Gen),Accessories,,Silver,278.82,0,1,278.82,278.82,TRY,30.5,8504.01,Online (Apple.com),Net Banking,Education,35–44,,,Kept
APPL-00010459,2023-06-16,2023,Q2,June,Turkey,Europe/Asia,Istanbul,USB-C Woven Charge Cable,Accessories,,Black,27.12,7,5,25.22,126.1,TRY,30.5,3846.05,Authorized Reseller,Cash,Government,25–34,,3.2,Kept
APPL-00007976,2022-09-24,2022,Q3,September,Russia,Europe/Asia,Omsk,iPad Air (M1),iPad,128 GB,Starlight,578.71,10,1,520.84,520.84,RUB,91.5,47656.86,Corporate / B2B,Gift Card,Individual,18–24,,4.9,Returned
APPL-00010384,2024-03-01,2024,Q1,March,Turkey,Europe/Asia,Antalya,iPad (10th Generation),iPad,512 GB,Silver,428.12,10,3,385.31,1155.93,TRY,30.5,35255.87,Apple Store,Net Banking,Government,25–34,,,Exchanged
APPL-00008032,2022-07-08,2022,Q3,July,Russia,Europe/Asia,Samara,iPhone 14 Pro,iPhone,512 GB,Product Red,867.76,5,3,824.37,2473.11,RUB,91.5,226289.57,Authorized Reseller,Credit Card,Individual,55+,Other,3.9,Kept
APPL-00010553,2023-05-25,2023,Q2,May,Turkey,Europe/Asia,Mersin,iPhone 14 Plus,iPhone,512 GB,Product Red,945.04,7,1,878.89,878.89,TRY,30.5,26806.15,Apple Store,Net Banking,Education,35–44,iOS 16,4.6,Kept
APPL-00007877,2023-07-03,2023,Q3,July,Russia,Europe/Asia,Chelyabinsk,iPhone 15 Plus,iPhone,1 TB,Deep Purple,968.29,15,3,823.05,2469.15,RUB,91.5,225927.23,Authorized Reseller,EMI / Installment,Education,25–34,iOS 16,3.2,Returned
APPL-00010414,2022-03-23,2022,Q1,March,Turkey,Europe/Asia,Gaziantep,iPhone 15 Pro,iPhone,64 GB,Midnight,928.38,10,1,835.54,835.54,TRY,30.5,25483.97,Corporate / B2B,Apple Pay,Business,45–54,iOS 16,3.2,Kept
APPL-00008044,2024-05-28,2024,Q2,May,Russia,Europe/Asia,Samara,iPad Mini (6th Gen),iPad,2 TB,Blue,515.16,15,4,437.89,1751.56,RUB,91.5,160267.74,Carrier Store,Net Banking,Education,45–54,,,Exchanged
APPL-00007949,2022-04-02,2022,Q2,April,Russia,Europe/Asia,Novosibirsk,AirPods Pro (2nd Gen),AirPods,,White,256.25,3,2,248.56,497.12,RUB,91.5,45486.48,Authorized Reseller,Cash,Education,18–24,,3.4,Returned
APPL-00008079,2022-06-26,2022,Q2,June,Russia,Europe/Asia,Yekaterinburg,iPhone 14 Plus,iPhone,512 GB,Deep Purple,927.27,0,2,927.27,1854.54,RUB,91.5,169690.41,Authorized Reseller,Gift Card,Business,35–44,iOS 15,4.5,Kept
APPL-00007898,2023-08-29,2023,Q3,August,Russia,Europe/Asia,Kazan,HomePod (2nd Gen),Accessories,,Space Gray,297.75,0,6,297.75,1786.5,RUB,91.5,163464.75,Authorized Reseller,Cash,Individual,45–54,,3.3,Kept
APPL-00010405,2024-05-28,2024,Q2,May,Turkey,Europe/Asia,Bursa,iPhone 13 Pro,iPhone,64 GB,Silver,923.02,3,2,895.33,1790.66,TRY,30.5,54615.13,Carrier Store,Credit Card,Individual,25–34,Other,4.5,Exchanged
APPL-00010541,2022-01-25,2022,Q1,January,Turkey,Europe/Asia,Mersin,iPad Mini (6th Gen),iPad,1 TB,Blue,505.7,3,2,490.53,981.06,TRY,30.5,29922.33,Third-Party Retailer,EMI / Installment,Government,25–34,,3.7,Kept
APPL-00007935,2023-06-30,2023,Q2,June,Russia,Europe/Asia,Nizhny Novgorod,iPhone 13 Pro,iPhone,64 GB,Green,927.07,3,2,899.26,1798.52,RUB,91.5,164564.58,Apple Store,Apple Pay,Business,45–54,iOS 16,4.8,Kept
APPL-00008014,2024-02-12,2024,Q1,February,Russia,Europe/Asia,Saint Petersburg,iPhone 13 Pro Max,iPhone,128 GB,White Titanium,1018.23,0,2,1018.23,2036.46,RUB,91.5,186336.09,Third-Party Retailer,Gift Card,Education,18–24,iOS 17,4.9,Kept
APPL-00007922,2024-09-02,2024,Q3,September,Russia,Europe/Asia,Moscow,MagSafe Charger,Accessories,,Space Gray,40.7,0,2,40.7,81.4,RUB,91.5,7448.1,Carrier Store,Cash,Business,18–24,,,Kept
APPL-00010472,2024-09-30,2024,Q3,September,Turkey,Europe/Asia,Istanbul,Apple Watch Series 8,Apple Watch,,Product Red,289.28,3,2,280.6,561.2,TRY,30.5,17116.6,Third-Party Retailer,Net Banking,Business,55+,,4.1,Kept
APPL-00010422,2022-12-13,2022,Q4,December,Turkey,Europe/Asia,Gaziantep,iPhone 14 Plus,iPhone,256 GB,Yellow,931.44,10,1,838.3,838.3,TRY,30.5,25568.15,Carrier Store,EMI / Installment,Individual,18–24,Android,3.2,Kept
APPL-00010497,2024-07-25,2024,Q3,July,Turkey,Europe/Asia,Izmir,AirPods Pro (2nd Gen),AirPods,,Sky,246.0,0,1,246.0,246.0,TRY,30.5,7503.0,Corporate / B2B,Net Banking,Education,35–44,,3.5,Returned
APPL-00010516,2023-11-21,2023,Q4,November,Turkey,Europe/Asia,Kayseri,iPad Pro 11-inch (M2),iPad,1 TB,Space Gray,800.05,0,1,800.05,800.05,TRY,30.5,24401.52,Authorized Reseller,Apple Pay,Individual,35–44,,3.2,Kept
APPL-00010387,2024-07-15,2024,Q3,July,Turkey,Europe/Asia,Antalya,iPhone 14,iPhone,64 GB,Yellow,832.61,15,2,707.72,1415.44,TRY,30.5,43170.92,Carrier Store,EMI / Installment,Business,25–34,Android,4.7,Kept
APPL-00010348,2022-07-30,2022,Q3,July,Turkey,Europe/Asia,Ankara,MagSafe Charger,Accessories,,Space Gray,36.47,0,2,36.47,72.94,TRY,30.5,2224.67,Carrier Store,Gift Card,Individual,25–34,,3.8,Kept
APPL-00007941,2024-03-28,2024,Q1,March,Russia,Europe/Asia,Nizhny Novgorod,Apple Pencil (2nd Gen),Accessories,,Space Gray,131.45,7,2,122.25,244.5,RUB,91.5,22371.75,Authorized Reseller,Cash,Individual,18–24,,3.5,Kept
APPL-00007960,2024-02-03,2024,Q1,February,Russia,Europe/Asia,Novosibirsk,Apple TV 4K (3rd Gen),Accessories,,Black,129.14,0,4,129.14,516.56,RUB,91.5,47265.24,Carrier Store,Debit Card,Education,55+,,4.3,Kept
APPL-00010559,2024-03-16,2024,Q1,March,Turkey,Europe/Asia,Mersin,iPad Pro 12.9-inch (M2),iPad,128 GB,Starlight,1161.89,0,3,1161.89,3485.67,TRY,30.5,106312.93,Carrier Store,Debit Card,Individual,45–54,,4.3,Kept
APPL-00007972,2022-06-14,2022,Q2,June,Russia,Europe/Asia,Omsk,iPhone 14 Pro Max,iPhone,64 GB,Silver,1070.88,2,1,1049.46,1049.46,RUB,91.5,96025.59,Corporate / B2B,Debit Card,Government,35–44,iOS 17,,Kept
APPL-00010545,2022-07-07,2022,Q3,July,Turkey,Europe/Asia,Mersin,HomePod mini,Accessories,,White,97.52,2,2,95.57,191.14,TRY,30.5,5829.77,Carrier Store,Apple Pay,Individual,18–24,,4.7,Returned
APPL-00010335,2023-10-17,2023,Q4,October,Turkey,Europe/Asia,Adana,Apple TV 4K (3rd Gen),Accessories,,Black,132.84,0,1,132.84,132.84,TRY,30.5,4051.62,Online (Apple.com),Apple Pay,Education,55+,,,Kept
APPL-00010739,2022-01-16,2022,Q1,January,UAE,Middle East,Sharjah,USB-C Woven Charge Cable,Accessories,,White,30.86,5,1,29.32,29.32,AED,3.67,107.6,Third-Party Retailer,Debit Card,Business,45–54,,,Kept
APPL-00010581,2024-04-08,2024,Q2,April,UAE,Middle East,Abu Dhabi,Mac mini (M2),Mac,512 GB SSD,Starlight,628.09,0,1,628.09,628.09,AED,3.67,2305.09,Third-Party Retailer,EMI / Installment,Government,18–24,,4.9,Kept
APPL-00010750,2022-09-08,2022,Q3,September,UAE,Middle East,Sharjah,Mac mini (M2),Mac,1 TB SSD,Silver,646.47,2,1,633.54,633.54,AED,3.67,2325.09,Apple Store,EMI / Installment,Government,45–54,,4.7,Kept
APPL-00010767,2024-07-31,2024,Q3,July,UAE,Middle East,Sharjah,iPad Pro 11-inch (M2),iPad,128 GB,Space Gray,746.74,0,1,746.74,746.74,AED,3.67,2740.54,Online (Apple.com),Gift Card,Government,45–54,,5.0,Kept
APPL-00010683,2022-04-13,2022,Q2,April,UAE,Middle East,Fujairah,iPad (10th Generation),iPad,2 TB,Space Gray,434.97,15,2,369.72,739.44,AED,3.67,2713.74,Authorized Reseller,Debit Card,Government,55+,,4.0,Kept
APPL-00010784,2023-05-11,2023,Q2,May,UAE,Middle East,Umm Al Quwain,iPad Air (M1),iPad,64 GB,Purple,627.44,5,2,596.07,1192.14,AED,3.67,4375.15,Authorized Reseller,Gift Card,Business,25–34,,4.9,Kept
APPL-00008289,2024-08-23,2024,Q3,August,Saudi Arabia,Middle East,Riyadh,Apple Watch SE (2nd Gen),Apple Watch,,Starlight,234.56,5,2,222.83,445.66,SAR,3.75,1671.23,Carrier Store,Credit Card,Government,18–24,,4.1,Kept
APPL-00008321,2023-01-15,2023,Q1,January,Saudi Arabia,Middle East,Taif,iPad Pro 11-inch (M2),iPad,128 GB,Space Gray,774.76,5,1,736.02,736.02,SAR,3.75,2760.07,Authorized Reseller,Apple Pay,Government,25–34,,3.9,Kept
APPL-00008200,2024-12-19,2024,Q4,December,Saudi Arabia,Middle East,Jubail,Apple Watch Ultra 2,Apple Watch,,Product Red,855.7,0,2,855.7,1711.4,SAR,3.75,6417.75,Third-Party Retailer,Gift Card,Education,25–34,,4.2,Returned
APPL-00008325,2023-07-15,2023,Q3,July,Saudi Arabia,Middle East,Taif,Apple Watch SE (2nd Gen),Apple Watch,,Starlight,249.47,0,1,249.47,249.47,SAR,3.75,935.51,Corporate / B2B,Net Banking,Education,18–24,,4.3,Kept
APPL-00008105,2023-08-10,2023,Q3,August,Saudi Arabia,Middle East,Buraidah,HomePod (2nd Gen),Accessories,,Black,314.46,0,1,314.46,314.46,SAR,3.75,1179.22,Corporate / B2B,Cash,Education,45–54,,3.6,Kept
APPL-00008272,2023-08-20,2023,Q3,August,Saudi Arabia,Middle East,Riyadh,Magic Keyboard,Accessories,,White,97.81,0,3,97.81,293.43,SAR,3.75,1100.36,Apple Store,Apple Pay,Government,55+,,,Kept
APPL-00010799,2024-08-11,2024,Q3,August,UAE,Middle East,Umm Al Quwain,Apple Watch SE (2nd Gen),Apple Watch,,Black Titanium,245.67,0,1,245.67,245.67,AED,3.67,901.61,Authorized Reseller,Apple Pay,Government,25–34,,3.0,Kept
APPL-00010644,2022-01-13,2022,Q1,January,UAE,Middle East,Dubai,iPhone 13 Mini,iPhone,128 GB,Deep Purple,644.52,0,2,644.52,1289.04,AED,3.67,4730.78,Online (Apple.com),EMI / Installment,Government,35–44,Android,4.8,Kept
APPL-00010710,2024-09-25,2024,Q3,September,UAE,Middle East,Fujairah,Mac mini (M2),Mac,2 TB SSD,Space Gray,555.07,10,1,499.56,499.56,AED,3.67,1833.39,Apple Store,Debit Card,Individual,55+,,,Kept
APPL-00010748,2022-07-06,2022,Q3,July,UAE,Middle East,Sharjah,AirPods Max,AirPods,,White,519.45,0,1,519.45,519.45,AED,3.67,1906.38,Corporate / B2B,Apple Pay,Business,18–24,,4.0,Kept
APPL-00008180,2022-09-10,2022,Q3,September,Saudi Arabia,Middle East,Jubail,iPhone 15 Plus,iPhone,1 TB,Natural Titanium,954.17,5,1,906.46,906.46,SAR,3.75,3399.23,Corporate / B2B,Gift Card,Individual,25–34,Android,4.4,Kept
APPL-00008126,2022-08-18,2022,Q3,August,Saudi Arabia,Middle East,Dammam,Apple Watch SE (2nd Gen),Apple Watch,,Natural,262.28,5,1,249.17,249.17,SAR,3.75,934.39,Online (Apple.com),Apple Pay,Education,55+,,,Kept
APPL-00010652,2022-10-16,2022,Q4,October,UAE,Middle East,Dubai,Apple Watch Ultra 2,Apple Watch,,Starlight,845.13,0,1,845.13,845.13,AED,3.67,3101.63,Online (Apple.com),Credit Card,Government,35–44,,,Kept
APPL-00008186,2023-02-05,2023,Q1,February,Saudi Arabia,Middle East,Jubail,iPhone SE (3rd Gen),iPhone,1 TB,Black Titanium,434.11,0,1,434.11,434.11,SAR,3.75,1627.91,Apple Store,Debit Card,Business,45–54,iOS 16,4.4,Kept
APPL-00010568,2022-06-29,2022,Q2,June,UAE,Middle East,Abu Dhabi,MacBook Air 15-inch (M2),Mac,1 TB SSD,Starlight,1402.36,0,2,1402.36,2804.72,AED,3.67,10293.32,Third-Party Retailer,EMI / Installment,Individual,18–24,,4.3,Exchanged
APPL-00010624,2022-05-02,2022,Q2,May,UAE,Middle East,Al Ain,iPhone 14,iPhone,256 GB,Blue Titanium,747.0,3,3,724.59,2173.77,AED,3.67,7977.74,Online (Apple.com),Debit Card,Individual,35–44,iOS 17,4.6,Kept
APPL-00008197,2024-09-23,2024,Q3,September,Saudi Arabia,Middle East,Jubail,Apple Watch SE (2nd Gen),Apple Watch,,Yellow,245.29,15,1,208.5,208.5,SAR,3.75,781.88,Third-Party Retailer,Net Banking,Individual,55+,,3.3,Kept
APPL-00010800,2024-09-13,2024,Q3,September,UAE,Middle East,Umm Al Quwain,iPhone SE (3rd Gen),iPhone,256 GB,Natural Titanium,435.3,7,1,404.83,404.83,AED,3.67,1485.73,Online (Apple.com),Credit Card,Individual,45–54,New User,,Kept
APPL-00008129,2022-11-17,2022,Q4,November,Saudi Arabia,Middle East,Dammam,MagSafe Charger,Accessories,,Black,37.64,0,2,37.64,75.28,SAR,3.75,282.3,Third-Party Retailer,Debit Card,Education,55+,,4.0,Kept
APPL-00008250,2023-01-28,2023,Q1,January,Saudi Arabia,Middle East,Medina,iPhone 15 Pro Max,iPhone,1 TB,Natural Titanium,1288.06,0,4,1288.06,5152.24,SAR,3.75,19320.9,Corporate / B2B,Credit Card,Business,55+,Other,4.4,Kept
APPL-00010629,2022-07-06,2022,Q3,July,UAE,Middle East,Al Ain,Magic Mouse,Accessories,,Silver,84.74,15,7,72.03,504.21,AED,3.67,1850.45,Apple Store,Debit Card,Individual,18–24,,,Kept
APPL-00010790,2023-10-10,2023,Q4,October,UAE,Middle East,Umm Al Quwain,iPhone 15,iPhone,128 GB,Green,818.94,15,1,696.1,696.1,AED,3.67,2554.69,Authorized Reseller,Debit Card,Government,45–54,iOS 17,,Kept
APPL-00008173,2024-10-09,2024,Q4,October,Saudi Arabia,Middle East,Jeddah,Apple Watch Ultra 2,Apple Watch,,Yellow,862.08,0,1,862.08,862.08,SAR,3.75,3232.8,Third-Party Retailer,Apple Pay,Education,25–34,,3.8,Returned
APPL-00008166,2024-06-23,2024,Q2,June,Saudi Arabia,Middle East,Jeddah,MagSafe Charger,Accessories,,Silver,38.77,10,5,34.89,174.45,SAR,3.75,654.19,Carrier Store,Net Banking,Business,45–54,,,Kept
APPL-00008169,2024-08-01,2024,Q3,August,Saudi Arabia,Middle East,Jeddah,iPhone 15 Pro,iPhone,512 GB,Yellow,1035.65,15,1,880.3,880.3,SAR,3.75,3301.12,Third-Party Retailer,Apple Pay,Education,35–44,iOS 15,4.1,Kept
APPL-00010621,2022-01-12,2022,Q1,January,UAE,Middle East,Al Ain,Apple TV 4K (3rd Gen),Accessories,,White,125.34,3,2,121.58,243.16,AED,3.67,892.4,Third-Party Retailer,Debit Card,Individual,45–54,,4.7,Kept
APPL-00010759,2023-07-02,2023,Q3,July,UAE,Middle East,Sharjah,MacBook Pro 14-inch (M3),Mac,512 GB SSD,Starlight,1929.8,0,1,1929.8,1929.8,AED,3.67,7082.37,Third-Party Retailer,Debit Card,Business,18–24,,,Kept
APPL-00008174,2022-03-20,2022,Q1,March,Saudi Arabia,Middle East,Jubail,iPhone 15,iPhone,128 GB,Deep Purple,790.55,0,1,790.55,790.55,SAR,3.75,2964.56,Apple Store,Net Banking,Individual,45–54,iOS 15,4.1,Kept
APPL-00008096,2022-03-18,2022,Q1,March,Saudi Arabia,Middle East,Buraidah,iPhone 14 Pro Max,iPhone,256 GB,Black Titanium,1026.99,7,3,955.1,2865.3,SAR,3.75,10744.88,Corporate / B2B,Credit Card,Government,55+,iOS 15,,Kept
APPL-00008107,2023-10-05,2023,Q4,October,Saudi Arabia,Middle East,Buraidah,iPhone SE (3rd Gen),iPhone,1 TB,Black,397.44,5,3,377.57,1132.71,SAR,3.75,4247.66,Corporate / B2B,Gift Card,Business,45–54,iOS 16,3.2,Kept
APPL-00010798,2024-08-08,2024,Q3,August,UAE,Middle East,Umm Al Quwain,MacBook Air 15-inch (M2),Mac,1 TB SSD,Midnight,1315.07,0,1,1315.07,1315.07,AED,3.67,4826.31,Authorized Reseller,Debit Card,Education,25–34,,,Kept
APPL-00010615,2024-01-05,2024,Q1,January,UAE,Middle East,Ajman,MacBook Air 13-inch (M2),Mac,1 TB SSD,Starlight,1042.96,0,3,1042.96,3128.88,AED,3.67,11482.99,Online (Apple.com),Net Banking,Government,25–34,,,Kept
APPL-00010681,2022-03-05,2022,Q1,March,UAE,Middle East,Fujairah,iPhone 15 Pro Max,iPhone,64 GB,Black,1203.85,0,4,1203.85,4815.4,AED,3.67,17672.52,Apple Store,Apple Pay,Business,25–34,Other,3.5,Exchanged
APPL-00008233,2023-10-28,2023,Q4,October,Saudi Arabia,Middle East,Mecca,iPhone 15,iPhone,128 GB,Silver,764.67,0,1,764.67,764.67,SAR,3.75,2867.51,Authorized Reseller,Net Banking,Individual,45–54,iOS 15,3.3,Kept
APPL-00010788,2023-06-24,2023,Q2,June,UAE,Middle East,Umm Al Quwain,MagSafe Charger,Accessories,,White,37.74,15,3,32.08,96.24,AED,3.67,353.2,Apple Store,Gift Card,Individual,45–54,,4.4,Kept
APPL-00008305,2023-04-09,2023,Q2,April,Saudi Arabia,Middle East,Tabuk,iPhone SE (3rd Gen),iPhone,64 GB,Product Red,395.67,3,1,383.8,383.8,SAR,3.75,1439.25,Online (Apple.com),Apple Pay,Government,55+,iOS 17,,Kept
APPL-00008151,2022-08-13,2022,Q3,August,Saudi Arabia,Middle East,Jeddah,MagSafe Charger,Accessories,,Black,39.79,7,1,37.0,37.0,SAR,3.75,138.75,Corporate / B2B,Debit Card,Business,25–34,,5.0,Kept
APPL-00010702,2023-12-19,2023,Q4,December,UAE,Middle East,Fujairah,iPhone SE (3rd Gen),iPhone,64 GB,Black,459.49,0,1,459.49,459.49,AED,3.67,1686.33,Corporate / B2B,Apple Pay,Education,25–34,iOS 15,4.4,Kept
APPL-00008114,2024-08-12,2024,Q3,August,Saudi Arabia,Middle East,Buraidah,USB-C Woven Charge Cable,Accessories,,Silver,27.62,15,1,23.48,23.48,SAR,3.75,88.05,Third-Party Retailer,Net Banking,Individual,18–24,,4.8,Kept
APPL-00008159,2023-05-03,2023,Q2,May,Saudi Arabia,Middle East,Jeddah,MacBook Pro 16-inch (M3 Pro),Mac,512 GB SSD,Starlight,2534.42,5,1,2407.7,2407.7,SAR,3.75,9028.88,Corporate / B2B,Debit Card,Education,45–54,,,Kept
APPL-00008164,2023-10-11,2023,Q4,October,Saudi Arabia,Middle East,Jeddah,Apple Pencil (2nd Gen),Accessories,,White,125.43,3,1,121.67,121.67,SAR,3.75,456.26,Corporate / B2B,Apple Pay,Government,35–44,,3.2,Kept
APPL-00010591,2024-10-31,2024,Q4,October,UAE,Middle East,Abu Dhabi,Apple Pencil (1st Gen),Accessories,,White,91.31,0,4,91.31,365.24,AED,3.67,1340.43,Corporate / B2B,Debit Card,Business,25–34,,,Kept
APPL-00008227,2022-12-24,2022,Q4,December,Saudi Arabia,Middle East,Mecca,AirPods (3rd Gen),AirPods,,White,160.81,10,1,144.73,144.73,SAR,3.75,542.74,Third-Party Retailer,Debit Card,Education,18–24,,3.8,Kept
APPL-00008135,2023-03-30,2023,Q1,March,Saudi Arabia,Middle East,Dammam,iPad Pro 11-inch (M2),iPad,64 GB,Silver,857.41,3,1,831.69,831.69,SAR,3.75,3118.84,Authorized Reseller,Cash,Education,35–44,,3.9,Kept
APPL-00008323,2023-02-06,2023,Q1,February,Saudi Arabia,Middle East,Taif,MacBook Air 13-inch (M2),Mac,1 TB SSD,Silver,1036.49,3,8,1005.4,8043.2,SAR,3.75,30162.0,Third-Party Retailer,EMI / Installment,Individual,45–54,,3.6,Returned
APPL-00010776,2022-08-22,2022,Q3,August,UAE,Middle East,Umm Al Quwain,iPhone 13 Pro,iPhone,256 GB,Midnight,838.58,5,3,796.65,2389.95,AED,3.67,8771.12,Corporate / B2B,Apple Pay,Government,35–44,New User,4.8,Kept
APPL-00008249,2023-01-01,2023,Q1,January,Saudi Arabia,Middle East,Medina,Apple Pencil (1st Gen),Accessories,,White,92.51,0,7,92.51,647.57,SAR,3.75,2428.39,Carrier Store,Apple Pay,Individual,45–54,,4.4,Kept
APPL-00010771,2024-11-18,2024,Q4,November,UAE,Middle East,Sharjah,Apple Pencil (2nd Gen),Accessories,,Space Gray,121.58,0,1,121.58,121.58,AED,3.67,446.2,Authorized Reseller,Credit Card,Business,45–54,,,Kept
APPL-00010600,2022-06-12,2022,Q2,June,UAE,Middle East,Ajman,AirPods (2nd Gen),AirPods,,Starlight,120.37,3,1,116.76,116.76,AED,3.67,428.51,Online (Apple.com),Cash,Government,35–44,,4.3,Kept
APPL-00008278,2024-01-17,2024,Q1,January,Saudi Arabia,Middle East,Riyadh,MacBook Air 15-inch (M2),Mac,1 TB SSD,Gold,1236.33,7,1,1149.79,1149.79,SAR,3.75,4311.71,Carrier Store,Apple Pay,Business,55+,,5.0,Kept
APPL-00008236,2024-06-29,2024,Q2,June,Saudi Arabia,Middle East,Mecca,MacBook Pro 14-inch (M3),Mac,1 TB SSD,Silver,1936.51,3,1,1878.41,1878.41,SAR,3.75,7044.04,Corporate / B2B,Cash,Business,35–44,,3.2,Kept
APPL-00010718,2022-07-13,2022,Q3,July,UAE,Middle East,Ras Al Khaimah,iPhone 15 Pro Max,iPhone,128 GB,Silver,1186.29,0,2,1186.29,2372.58,AED,3.67,8707.37,Authorized Reseller,Apple Pay,Individual,55+,iOS 17,3.9,Exchanged
APPL-00010796,2024-06-08,2024,Q2,June,UAE,Middle East,Umm Al Quwain,AirPods (3rd Gen),AirPods,,White,175.67,0,1,175.67,175.67,AED,3.67,644.71,Corporate / B2B,Gift Card,Government,25–34,,,Kept
APPL-00010789,2023-07-25,2023,Q3,July,UAE,Middle East,Umm Al Quwain,AirPods Max,AirPods,,White,536.25,0,3,536.25,1608.75,AED,3.67,5904.11,Online (Apple.com),Cash,Individual,55+,,4.8,Kept
APPL-00010758,2023-06-27,2023,Q2,June,UAE,Middle East,Sharjah,Magic Trackpad,Accessories,,Black,137.43,0,3,137.43,412.29,AED,3.67,1513.1,Authorized Reseller,Cash,Individual,35–44,,3.5,Kept
APPL-00010725,2023-04-08,2023,Q2,April,UAE,Middle East,Ras Al Khaimah,HomePod mini,Accessories,,Black,99.66,7,1,92.68,92.68,AED,3.67,340.14,Online (Apple.com),Credit Card,Business,25–34,,,Kept
